id,sentiment
"2570_3",0
"4897_8",0
"8485_3",0
"9029_10",1
"11220_1",0
"1299_10",1
"2871_10",1
"4754_4",1
"6168_2",0
"440_3",1
"7577_4",1
"1982_1",1
"6256_3",0
"1747_10",1
"10881_7",0
"9437_9",0
"171_1",0
"4525_8",1
"10436_4",1
"6565_2",1
"11441_10",1
"4930_1",0
"6368_7",0
"1613_10",0
"2940_10",1
"1732_4",1
"6847_10",1
"9691_10",1
"848_3",1
"1757_8",0
"3179_2",0
"10593_4",0
"8514_7",0
"2209_4",0
"3402_8",1
"7301_3",0
"9317_8",1
"4394_9",1
"12216_8",1
"5556_10",1
"5888_4",0
"12424_9",1
"6297_10",1
"12032_1",0
"1727_3",0
"5531_2",1
"12273_10",1
"12062_4",1
"4626_4",0
"2568_3",1
"12_1",0
"1406_8",1
"479_3",0
"10067_3",0
"3378_2",1
"8429_4",0
"3004_10",1
"1956_3",0
"8708_3",0
"1998_4",0
"1743_9",1
"11669_9",1
"10147_10",1
"1394_4",0
"1778_10",0
"4875_3",0
"11719_7",0
"11204_1",0
"4551_1",0
"2166_4",1
"8837_1",0
"10691_3",0
"4684_8",1
"7262_10",1
"5963_3",0
"1804_2",0
"11786_8",1
"4473_2",0
"10318_7",1
"3318_3",1
"11623_8",0
"430_1",0
"3701_2",0
"8774_8",1
"4358_10",1
"1443_4",1
"11385_2",0
"2315_10",1
"3699_10",1
"2092_3",1
"11203_1",0
"3380_4",0
"1825_2",0
"1927_8",0
"7575_4",0
"5245_8",1
"7411_4",0
"6924_7",1
"3342_3",0
"1727_10",1
"631_10",0
"11294_1",1
"9092_7",1
"12053_3",0
"9953_1",1
"12421_4",1
"7466_10",0
"10864_8",1
"3977_2",0
"9310_1",0
"2738_10",0
"956_1",0
"1698_3",1
"3061_10",1
"432_8",1
"3985_8",1
"7352_10",1
"4895_2",0
"8609_3",0
"10750_3",0
"8562_10",0
"5964_8",1
"402_2",0
"1200_10",1
"3613_8",0
"6036_10",1
"5011_1",0
"4648_1",0
"4783_10",1
"5271_7",0
"1009_8",0
"11344_3",0
"9906_4",0
"3712_7",0
"7140_10",1
"8257_2",0
"5919_9",1
"699_4",0
"9417_10",1
"12409_7",1
"9122_1",0
"8651_1",0
"2031_8",1
"11465_1",0
"7927_10",0
"5181_10",1
"9913_3",1
"7412_3",0
"11257_1",0
"7870_1",0
"553_7",1
"4696_10",1
"4602_8",1
"8915_10",1
"6540_7",1
"4425_2",1
"2942_1",0
"6726_3",1
"5960_8",1
"10470_9",1
"1744_10",1
"8111_3",1
"5573_2",0
"5313_7",0
"4554_8",1
"6212_9",1
"6040_1",0
"1553_3",1
"897_10",1
"1879_1",0
"9976_1",0
"3831_10",0
"11071_10",0
"6396_9",1
"10911_7",1
"9966_1",0
"8118_10",1
"188_7",1
"7182_1",0
"1248_1",0
"3620_1",0
"2650_3",0
"10003_8",0
"9172_10",1
"9208_1",0
"10957_10",1
"1722_1",0
"8761_10",1
"8388_7",1
"8405_3",0
"10984_10",1
"9530_4",0
"5629_2",0
"9235_9",1
"2330_8",1
"6859_7",1
"4031_10",1
"4530_7",1
"10344_4",0
"3899_9",1
"2640_2",0
"4430_8",1
"4176_2",0
"12060_3",0
"27_10",1
"426_3",0
"12073_9",1
"6984_1",0
"7742_3",0
"4061_10",1
"7249_1",0
"8406_10",1
"240_10",1
"10043_10",1
"9263_8",1
"10072_9",1
"5495_3",0
"12153_3",0
"10384_10",1
"5677_4",0
"8277_3",0
"1997_9",0
"1257_3",0
"6668_2",0
"5829_3",0
"6862_1",0
"9168_4",1
"5025_2",0
"4322_1",1
"4109_1",0
"4022_1",0
"341_10",1
"9529_2",1
"11200_4",0
"6817_10",1
"10388_4",1
"3974_4",1
"2134_10",1
"10759_9",1
"9110_8",0
"7843_4",1
"5388_2",0
"6908_2",0
"595_9",1
"4261_4",0
"10855_1",0
"11434_2",0
"1185_8",1
"8667_7",1
"8964_1",0
"72_4",1
"10575_3",0
"11873_1",0
"1638_8",1
"6353_10",0
"1025_8",1
"11078_1",0
"2253_8",1
"7025_8",1
"6132_2",0
"129_9",1
"6255_8",1
"1968_4",0
"5466_8",1
"7159_2",0
"3443_9",1
"1691_8",1
"10008_7",1
"2855_8",1
"5567_1",0
"7629_3",0
"4097_2",0
"11477_4",1
"7243_10",1
"11102_10",1
"2897_4",0
"861_7",1
"2393_8",1
"954_4",0
"10439_8",1
"2554_1",0
"6698_2",0
"6793_4",1
"11341_10",1
"5159_2",0
"8668_4",0
"1921_9",1
"3563_8",1
"6724_1",0
"2157_1",0
"9004_1",0
"6696_4",0
"1927_2",0
"9884_1",1
"8351_9",1
"9085_8",1
"11975_7",1
"10950_1",1
"6590_3",0
"5706_9",1
"6063_10",0
"2787_8",1
"7465_10",1
"11271_3",0
"11512_1",0
"7769_3",0
"6812_7",0
"12228_8",0
"12130_4",0
"6692_1",0
"5122_3",0
"9929_7",0
"6712_2",0
"6710_1",0
"8262_10",0
"12153_10",0
"8256_9",1
"11879_1",0
"168_9",1
"6404_2",0
"1711_2",0
"9523_3",1
"1497_8",1
"731_3",0
"2572_1",0
"2106_10",1
"7706_7",1
"7983_3",0
"2827_10",0
"6399_7",1
"6562_4",1
"4302_2",0
"9341_4",1
"2750_10",1
"1290_2",0
"5539_3",0
"12132_10",1
"5378_7",0
"3771_1",0
"5011_10",1
"10371_8",1
"10384_4",0
"2169_7",1
"616_7",1
"6532_4",1
"9044_3",1
"6079_9",1
"9260_1",0
"6579_4",1
"9815_7",1
"6820_1",1
"10075_2",0
"11565_4",1
"7967_4",0
"9344_1",0
"926_1",0
"3341_1",0
"875_4",0
"11707_1",0
"5924_8",0
"529_1",0
"4522_1",0
"3391_3",0
"6462_10",1
"10374_1",0
"12229_3",0
"10463_10",1
"320_8",0
"4131_1",0
"4786_10",1
"1067_3",0
"5355_1",0
"6207_1",0
"10793_10",0
"389_3",0
"1622_8",1
"5560_2",0
"5050_7",1
"8011_1",0
"9342_3",1
"2755_10",1
"3809_1",0
"7154_3",0
"12449_8",1
"9252_3",1
"1458_3",0
"9264_4",1
"637_3",1
"11081_1",0
"9794_1",1
"11627_1",0
"5404_1",0
"7414_3",0
"3101_1",0
"5266_10",1
"1864_1",0
"4808_3",0
"5522_8",1
"7861_4",0
"1183_8",1
"547_10",1
"5279_1",0
"5978_2",1
"1821_4",1
"2450_3",0
"8483_1",0
"10014_8",1
"3912_10",0
"7440_7",0
"1383_7",0
"9432_9",1
"8872_8",1
"5052_10",1
"632_1",0
"127_7",1
"7435_9",1
"1608_1",0
"10647_2",1
"12296_8",1
"6484_1",1
"3157_4",0
"44_2",0
"11756_7",1
"10375_10",1
"7983_9",1
"10605_1",0
"11698_3",0
"3788_3",1
"2077_10",1
"9190_1",0
"11726_4",0
"2290_10",1
"5467_2",0
"7073_10",1
"9359_4",1
"955_4",1
"7451_9",1
"4982_7",1
"3397_10",1
"2383_9",1
"1271_3",0
"5209_8",1
"12257_3",0
"8456_2",0
"5208_7",1
"8232_1",0
"12366_1",0
"2347_10",1
"1690_10",0
"1370_2",0
"2684_10",1
"3357_9",1
"8599_7",1
"4681_7",0
"8697_7",1
"831_2",1
"902_9",1
"8913_2",1
"7261_3",1
"1119_1",0
"908_1",0
"2996_7",1
"2341_8",1
"10396_8",1
"9685_10",1
"9293_1",0
"7408_4",0
"3666_3",0
"1136_3",0
"7961_10",1
"4848_7",0
"12377_1",0
"1176_10",1
"2747_3",0
"1291_4",1
"1729_3",0
"3335_8",1
"4961_10",1
"2115_10",1
"6345_7",0
"12246_1",0
"5615_8",1
"10592_1",0
"11045_9",1
"7488_7",0
"10788_2",0
"10474_9",1
"6698_10",1
"6530_4",0
"7659_2",0
"6136_10",1
"1872_1",0
"3757_1",0
"1833_1",0
"4395_1",0
"3771_10",1
"4874_2",0
"10340_9",1
"5599_4",0
"7618_10",0
"8471_10",1
"3802_10",1
"2255_8",1
"7195_2",0
"5652_4",0
"182_10",1
"5361_10",1
"1325_9",1
"4686_3",0
"5758_2",0
"11403_9",1
"10456_1",0
"3850_8",1
"11438_1",0
"10652_2",0
"5147_8",1
"8069_1",0
"7240_1",0
"764_10",1
"1020_10",1
"3849_8",1
"8304_1",1
"7633_3",1
"10816_10",1
"5023_10",1
"586_1",0
"1124_10",0
"2824_2",1
"9476_9",1
"9863_10",1
"6299_8",0
"10302_9",1
"7159_10",1
"9667_2",0
"9634_4",1
"4439_4",1
"5115_10",1
"7198_9",0
"1298_3",1
"12118_4",1
"11555_10",1
"2062_10",0
"11580_2",0
"2806_10",1
"7959_10",0
"10286_1",0
"7286_8",1
"8438_10",0
"3936_7",1
"3781_1",0
"4942_4",0
"5505_10",1
"12367_2",0
"7388_10",1
"2572_10",0
"9880_10",1
"5958_9",1
"5114_4",0
"6390_2",0
"10896_1",0
"11582_10",1
"3188_1",1
"4016_4",1
"3095_10",0
"11779_7",1
"5549_2",0
"9199_8",0
"10372_3",0
"7679_10",1
"7367_1",0
"4524_9",1
"2760_2",0
"8811_7",1
"12037_1",1
"3116_2",0
"9405_10",1
"2215_8",1
"10851_2",0
"6696_7",0
"8102_1",0
"705_2",0
"1278_2",0
"2954_1",0
"6488_1",0
"9714_10",1
"7555_2",1
"156_8",1
"5203_1",0
"7802_10",1
"10327_7",1
"2323_3",1
"802_4",0
"12357_7",1
"3434_2",0
"3169_2",0
"11649_1",0
"10897_9",0
"6553_4",1
"2959_10",1
"2883_1",0
"11352_1",0
"1689_10",1
"4712_7",0
"8757_2",1
"4823_7",1
"8370_10",1
"3799_3",0
"6197_1",0
"3083_1",0
"7497_4",1
"2890_3",0
"492_4",1
"8005_9",1
"12267_8",1
"8713_1",0
"1906_10",1
"1794_7",1
"7755_3",1
"7343_10",1
"9526_10",1
"799_8",0
"8625_4",0
"5740_10",1
"3211_7",0
"9726_2",0
"3698_3",0
"7826_4",1
"7769_7",1
"3181_4",1
"11875_7",1
"2017_1",0
"4159_1",1
"6946_3",0
"8020_8",1
"3964_4",1
"6161_1",0
"4520_4",1
"11822_10",1
"3484_4",0
"1546_3",0
"6612_8",0
"903_8",1
"8974_4",1
"3046_4",0
"6994_1",0
"8145_1",0
"8895_3",1
"2352_2",0
"10189_7",1
"12184_10",1
"6990_8",0
"3198_3",0
"9945_1",1
"944_10",1
"3537_1",0
"9545_7",0
"653_1",0
"5819_10",1
"5106_4",0
"6190_2",1
"5879_10",1
"10416_2",0
"7021_1",0
"1900_8",1
"8910_10",1
"10095_7",1
"9279_7",1
"5020_3",0
"9269_1",0
"11657_9",1
"873_8",0
"5975_1",0
"11557_1",0
"9770_10",1
"6316_8",1
"8205_8",1
"4051_8",1
"7036_4",0
"12069_10",1
"565_4",1
"10953_10",1
"4817_4",0
"8532_4",0
"5500_10",1
"278_1",0
"465_1",0
"10989_9",1
"9547_2",0
"5885_1",0
"2580_10",1
"1660_8",1
"12442_8",1
"6453_10",1
"9379_1",0
"9440_3",0
"1810_3",1
"2007_7",0
"247_10",0
"9307_10",1
"2072_10",1
"9383_8",1
"2090_2",0
"11355_8",0
"2516_3",1
"3111_1",0
"6337_7",1
"8947_9",1
"10601_10",1
"11061_8",1
"946_8",1
"1116_9",1
"4021_1",0
"4610_10",1
"1137_4",1
"8200_2",0
"2905_7",1
"9725_2",0
"4715_9",1
"5778_2",0
"11979_4",1
"1434_10",1
"9324_7",0
"3167_2",1
"10327_1",0
"1758_1",0
"1303_10",1
"2936_3",0
"12237_2",0
"12349_4",0
"4245_7",1
"7862_4",0
"8042_7",1
"1924_4",0
"9514_1",0
"9892_1",0
"12011_4",0
"9239_8",0
"28_10",1
"7094_1",0
"7048_2",0
"10441_10",1
"7606_9",0
"4563_8",1
"8134_10",1
"7976_2",1
"9992_10",1
"6709_10",1
"1168_8",1
"9960_4",1
"5660_1",0
"4974_10",1
"4865_7",1
"5999_7",1
"9969_1",0
"4571_9",1
"4843_3",1
"3583_10",0
"9503_4",0
"306_1",0
"1816_9",1
"9632_1",0
"6025_9",0
"5352_4",0
"8201_8",1
"10454_9",1
"9800_9",1
"2497_8",1
"6249_2",0
"12149_4",1
"6162_1",0
"11406_9",1
"2776_8",1
"1257_10",1
"2507_2",0
"1114_3",1
"5668_10",0
"1837_10",1
"4636_3",0
"2863_8",1
"2057_3",1
"2585_2",0
"279_9",1
"3219_10",1
"1963_4",0
"6575_4",0
"9401_1",0
"6856_10",1
"9153_1",0
"12227_7",1
"4194_10",1
"8463_1",0
"11371_1",0
"6677_9",1
"10162_9",0
"8347_1",0
"12345_10",1
"7663_7",0
"2637_1",0
"10936_3",1
"12288_9",1
"10668_3",1
"3593_8",0
"10349_4",1
"11240_4",1
"1462_9",1
"12372_7",1
"9416_10",1
"3243_4",0
"11690_9",0
"3858_10",1
"1042_1",0
"9281_10",1
"10079_1",0
"1520_1",0
"1795_2",0
"4607_4",0
"12412_9",1
"8162_4",1
"3069_3",0
"7119_10",1
"2768_2",0
"378_4",0
"9575_1",0
"4090_8",1
"9047_10",1
"185_9",1
"1374_1",0
"9796_1",0
"5439_2",0
"9804_10",1
"8093_3",0
"2584_1",0
"10084_4",1
"10300_10",1
"1157_10",1
"7929_4",0
"2318_10",1
"1718_7",1
"8495_8",1
"7617_3",0
"9112_9",0
"6029_1",1
"6680_7",0
"9642_4",0
"4752_1",0
"12249_2",0
"8829_9",1
"8167_7",1
"5732_7",0
"2391_2",1
"2165_7",0
"10250_3",0
"4740_8",1
"9538_2",0
"410_8",1
"7096_10",1
"388_1",0
"909_8",1
"9005_4",0
"6246_9",1
"11098_10",1
"4399_9",1
"3207_1",0
"7297_10",0
"2647_4",0
"5756_3",0
"11187_2",0
"4228_1",0
"3062_1",0
"11321_3",0
"10305_8",1
"2404_3",0
"2474_10",1
"2947_10",0
"1447_8",1
"3108_3",0
"2018_3",0
"5360_3",1
"5754_9",1
"10339_7",1
"12113_1",1
"5915_7",1
"325_2",0
"371_9",1
"373_10",1
"1083_1",0
"7794_1",0
"11899_2",1
"9792_2",0
"8833_9",1
"8921_4",1
"1713_8",1
"191_9",1
"700_4",0
"582_3",0
"12270_4",0
"8845_8",1
"5759_10",0
"10996_1",0
"9925_7",0
"12076_8",0
"7105_9",1
"2033_1",0
"8450_7",1
"12383_7",1
"810_10",0
"8303_10",1
"11774_3",0
"6133_1",0
"9197_7",1
"1919_3",0
"1137_8",0
"6418_10",1
"7143_2",0
"8657_1",0
"10560_3",1
"746_10",1
"6893_3",0
"12093_8",0
"389_10",1
"5388_8",0
"9942_1",0
"8245_1",0
"4657_10",1
"3743_1",0
"2716_10",1
"6181_3",0
"98_1",0
"8090_3",1
"8637_4",0
"5818_4",0
"11835_8",1
"756_10",0
"8461_7",1
"10613_3",1
"88_9",1
"8327_9",1
"10020_3",0
"7120_9",1
"1990_2",0
"6290_3",1
"3381_1",0
"1975_7",0
"11277_1",0
"6530_8",0
"431_4",1
"5597_10",1
"4030_9",1
"3545_4",1
"11842_4",0
"1106_1",0
"2504_10",0
"9624_10",1
"7239_2",1
"1601_1",0
"6367_4",1
"9041_8",1
"4931_1",0
"3571_7",1
"3066_2",0
"10496_10",1
"11890_1",0
"4511_9",1
"6947_10",1
"12184_1",0
"10513_3",0
"8934_10",1
"1237_1",0
"12415_8",1
"4945_7",1
"2562_4",0
"7399_10",1
"7746_1",0
"7773_1",0
"343_10",0
"2093_7",0
"930_2",0
"8990_10",1
"8151_4",1
"2071_4",1
"2869_10",1
"938_9",1
"8888_4",0
"454_8",1
"5005_8",0
"8130_10",0
"5707_2",0
"9413_9",1
"5501_10",1
"4497_7",1
"7017_4",1
"2985_8",1
"2531_4",1
"7230_8",1
"700_8",1
"397_9",1
"3740_9",1
"5728_4",0
"9840_10",0
"2293_1",0
"4841_7",1
"8663_7",1
"4894_2",0
"10270_1",0
"10973_4",1
"12041_9",1
"3891_3",0
"3475_9",1
"9106_1",0
"3058_9",1
"50_10",0
"8184_4",0
"9179_10",1
"8881_1",0
"402_10",1
"3231_10",1
"4654_7",0
"8853_3",0
"5026_3",0
"3768_10",1
"1392_2",0
"8732_9",1
"3628_8",1
"4496_4",0
"3651_4",0
"1505_9",1
"5145_4",0
"6264_2",0
"3303_10",1
"2715_3",1
"1417_4",1
"2130_3",1
"9448_1",0
"8239_10",1
"4284_10",1
"6223_1",0
"11875_4",0
"3715_2",0
"7791_10",1
"12166_1",0
"8211_3",0
"4955_9",0
"3829_10",1
"11329_9",1
"7063_8",1
"259_3",0
"3532_1",0
"4154_10",1
"6935_2",0
"7827_1",0
"2768_8",1
"12334_7",0
"454_4",1
"6343_10",1
"8430_9",1
"5330_1",0
"3082_10",1
"985_7",1
"898_1",0
"1373_2",0
"6830_4",0
"6976_4",1
"11285_1",0
"4588_1",0
"11596_3",0
"7468_4",1
"592_3",0
"5948_4",0
"11521_1",0
"5270_7",0
"3330_4",0
"10874_3",0
"10756_8",1
"7683_10",1
"5805_1",0
"4870_10",1
"1756_7",0
"5519_4",1
"1143_7",0
"2201_3",1
"9936_4",0
"3539_9",1
"6089_10",1
"262_8",1
"863_10",1
"3085_1",0
"1154_3",1
"9552_1",0
"1223_1",0
"12359_8",1
"12038_9",1
"1922_3",0
"6342_10",1
"248_4",1
"5309_7",1
"2362_1",0
"10830_10",0
"1628_10",0
"1314_7",1
"6761_2",0
"10680_8",0
"64_1",0
"7309_1",0
"1719_7",1
"832_3",0
"3934_2",1
"3744_10",1
"5422_9",1
"12335_9",1
"5838_4",1
"5938_10",0
"658_10",1
"3167_7",1
"1125_8",1
"8573_10",1
"11544_3",1
"1234_2",0
"8078_2",0
"10532_8",1
"10931_1",0
"11148_4",0
"11974_4",0
"4073_10",1
"5721_10",0
"442_9",1
"535_1",0
"8119_3",0
"3641_4",0
"7026_7",1
"5632_1",0
"2068_8",1
"11189_8",1
"8156_10",1
"9650_1",0
"1506_1",1
"2809_4",0
"11507_2",0
"4431_10",1
"9933_8",1
"9375_10",1
"5442_8",1
"2366_7",1
"1676_9",1
"5962_4",0
"10097_9",1
"2713_8",1
"9366_3",0
"2609_10",0
"12091_8",1
"19_4",0
"686_9",1
"5053_8",1
"10981_8",0
"10348_8",1
"6181_9",1
"288_10",1
"8816_7",1
"11527_7",1
"11205_10",1
"7217_1",0
"10389_10",1
"3398_3",1
"11068_9",1
"8600_8",0
"9443_4",0
"7453_10",1
"1081_4",1
"10035_9",0
"3548_8",1
"7236_3",0
"1718_3",1
"9330_2",1
"2735_10",1
"10385_10",1
"5394_4",1
"3241_2",0
"6761_9",1
"12167_1",0
"5373_7",1
"4174_9",1
"7091_1",0
"5582_3",1
"200_1",0
"1791_8",1
"6594_10",1
"10843_7",1
"2015_8",1
"4816_8",0
"5922_8",0
"3648_8",1
"993_8",1
"3504_7",1
"1236_7",0
"8886_3",1
"6806_7",1
"688_9",1
"1681_4",0
"793_9",1
"228_1",1
"7835_9",1
"4086_7",0
"8742_10",0
"6846_10",1
"4530_3",1
"9014_1",0
"8148_1",0
"2106_4",1
"10210_7",0
"8903_3",1
"5080_2",0
"10961_9",1
"609_1",0
"10699_4",0
"11113_9",0
"7534_4",0
"8246_3",1
"9852_7",1
"12472_2",0
"11495_2",0
"1609_9",1
"5768_8",0
"8929_2",0
"3336_1",0
"6882_9",1
"7941_8",1
"78_4",0
"255_3",0
"8890_10",1
"4322_10",1
"2696_3",0
"9189_1",0
"6431_1",0
"5431_10",1
"10148_3",0
"9775_4",1
"3835_3",1
"8274_10",1
"6119_1",0
"6086_8",0
"3978_4",0
"1173_8",1
"2357_10",1
"9229_7",1
"5841_7",1
"3391_7",1
"4420_8",1
"2168_1",0
"3492_1",0
"3888_10",0
"2928_10",1
"8170_2",0
"3839_7",0
"3708_4",0
"10959_10",1
"5423_9",1
"434_8",1
"2704_10",1
"4613_10",1
"2734_9",1
"1712_9",1
"2812_8",0
"6268_9",1
"906_1",0
"6457_7",1
"1563_10",1
"11770_3",0
"4581_10",1
"268_8",1
"5862_8",1
"3103_7",1
"3106_8",0
"1651_10",1
"8024_10",1
"725_2",0
"3412_8",1
"11190_1",0
"11333_9",1
"9110_3",0
"3410_9",1
"4185_8",0
"3315_1",1
"8320_8",1
"112_10",1
"1308_9",1
"7585_3",0
"8537_10",0
"5382_3",0
"8133_1",0
"18_3",0
"9249_3",1
"4970_8",1
"11362_2",0
"6534_10",1
"2729_4",1
"11381_1",0
"7002_1",0
"4043_7",0
"12450_7",1
"8632_4",0
"10907_1",0
"1829_8",1
"1105_2",0
"4232_7",0
"10863_1",0
"2291_4",1
"772_10",1
"314_10",1
"581_4",0
"11476_3",1
"803_4",0
"9917_3",1
"2471_2",0
"8397_3",0
"12280_9",1
"11510_1",0
"8273_10",0
"5401_9",1
"6625_1",0
"5752_8",1
"4459_1",0
"11050_8",1
"7297_2",0
"2873_1",0
"824_8",1
"6763_1",0
"11729_10",1
"6919_2",0
"476_1",1
"11796_3",0
"5310_10",1
"3403_3",1
"7732_4",1
"1733_7",0
"11762_8",1
"5986_10",0
"11171_7",1
"6186_1",1
"11422_8",1
"420_4",0
"4780_9",1
"6326_4",0
"12174_7",1
"3088_2",0
"11451_3",0
"7341_4",0
"769_1",0
"6593_7",1
"9124_10",1
"11388_1",0
"11479_10",1
"4447_2",0
"8995_3",0
"4381_10",1
"5081_8",1
"1387_8",1
"10880_1",0
"12407_1",0
"4609_8",1
"10606_2",0
"8253_10",1
"990_1",0
"9934_3",1
"5654_8",1
"1862_8",1
"3994_4",0
"128_7",1
"5689_2",0
"11170_10",1
"11357_3",1
"8490_3",0
"10362_8",1
"395_10",0
"1055_10",0
"12379_8",0
"11284_1",1
"9175_10",1
"11023_9",1
"8220_1",0
"2596_1",0
"296_2",0
"46_9",1
"10542_3",0
"2299_7",1
"7078_4",0
"2340_10",1
"4630_1",0
"4436_7",0
"10043_1",0
"7467_10",1
"5714_7",1
"11761_1",0
"5297_4",0
"10314_4",0
"10380_10",1
"11672_10",1
"3785_10",1
"6053_1",0
"8526_10",1
"4677_1",1
"4852_8",1
"11185_9",0
"3603_7",1
"7722_10",1
"4907_3",0
"7647_1",1
"2406_2",0
"12404_9",1
"6432_9",0
"12292_10",1
"4366_4",0
"8542_2",1
"3367_9",1
"12002_1",0
"708_8",1
"7127_1",0
"7006_4",0
"6455_7",1
"10672_9",1
"1424_3",0
"4485_10",1
"8483_7",1
"6945_10",1
"6492_10",1
"8275_10",1
"7681_4",1
"5169_2",0
"11053_1",0
"4603_10",1
"9111_10",1
"5235_1",0
"11758_1",0
"3549_3",0
"7700_2",0
"2649_7",1
"5931_4",0
"2603_8",1
"10865_7",1
"958_1",0
"11239_8",1
"12264_1",0
"6741_7",1
"10562_2",0
"1095_9",1
"7175_10",1
"8146_2",0
"1006_1",0
"9718_4",0
"10369_8",1
"4619_4",1
"5558_7",1
"802_10",1
"7793_10",0
"9810_2",0
"10797_8",1
"7518_2",0
"4826_7",1
"5459_8",1
"4043_3",1
"5055_4",0
"1199_10",1
"1144_8",1
"7270_2",0
"289_10",1
"10625_7",1
"2868_1",0
"7137_8",1
"4803_8",1
"7623_9",1
"8435_10",1
"8527_8",1
"35_3",0
"11998_3",1
"5512_1",1
"4992_7",1
"9276_10",1
"5726_1",0
"4095_8",0
"1668_1",0
"6173_8",1
"10394_3",1
"5350_9",1
"11498_1",0
"2891_8",1
"9165_10",1
"3876_8",1
"2932_10",0
"8754_1",0
"5240_7",0
"9587_3",0
"6604_7",1
"2181_1",0
"5119_10",1
"10837_1",1
"10969_4",0
"544_4",0
"4707_7",1
"7333_10",1
"6068_9",1
"4990_1",0
"10090_1",0
"5248_8",1
"10168_8",0
"6772_10",1
"8665_8",0
"8952_3",0
"1875_2",0
"3247_10",1
"12224_3",1
"4151_1",0
"12043_10",1
"3767_1",0
"5226_2",0
"713_1",0
"7783_7",1
"7636_2",0
"10662_1",0
"1854_2",0
"3968_10",1
"8676_3",0
"2189_10",1
"7485_4",0
"8161_3",0
"2110_9",1
"4969_3",0
"5955_10",1
"11494_4",1
"8400_7",1
"11644_10",1
"587_2",0
"3055_2",1
"3117_2",1
"2645_3",0
"1995_9",1
"2287_8",1
"9394_2",0
"10091_7",1
"11350_1",0
"5521_8",1
"5771_8",1
"9893_4",1
"10140_8",0
"8360_3",0
"2129_4",0
"4576_1",0
"10078_1",0
"5969_3",0
"10690_10",0
"10483_4",0
"10975_10",1
"6194_2",0
"2946_10",1
"11051_8",1
"1876_10",1
"12188_10",1
"2339_1",0
"328_10",1
"3116_10",1
"7809_1",1
"10158_4",0
"4903_3",0
"8637_10",1
"6521_4",1
"12447_8",1
"5533_7",1
"941_10",1
"8136_9",0
"9638_8",1
"5292_4",1
"3211_1",0
"2651_10",1
"10740_8",1
"3130_4",0
"572_1",0
"9067_8",0
"4997_2",0
"2590_4",0
"6077_1",0
"7524_9",1
"3887_1",0
"3264_8",1
"1001_4",0
"6963_4",0
"11763_3",0
"6052_9",1
"10331_10",1
"6277_7",1
"4306_4",0
"10820_1",1
"11986_8",0
"5142_3",1
"10905_8",1
"11588_10",1
"9195_10",1
"949_8",1
"6234_1",1
"1056_3",1
"6019_1",0
"4695_4",1
"12219_4",0
"1995_1",0
"10737_3",0
"4931_8",1
"7000_4",1
"10897_1",0
"9095_1",0
"733_4",0
"6887_3",0
"3027_1",0
"952_10",1
"8699_10",1
"11315_4",1
"477_4",0
"4561_3",1
"8006_10",1
"2918_3",0
"5022_8",0
"11505_7",1
"1350_9",1
"8431_9",1
"12485_8",0
"5769_9",0
"11389_7",1
"3004_1",0
"6123_4",0
"1167_7",1
"7346_8",1
"7492_7",0
"9556_4",0
"2816_1",0
"2931_10",1
"7202_8",1
"8292_4",1
"7700_10",0
"11503_10",1
"4312_10",1
"12114_7",1
"1192_1",0
"6504_2",0
"9782_10",1
"12426_1",0
"673_8",1
"2141_2",0
"11983_4",1
"5238_2",0
"264_7",1
"12291_2",0
"3377_8",0
"10719_2",0
"1511_8",1
"8381_1",0
"9782_4",0
"10468_1",0
"10716_7",1
"1708_1",0
"4046_8",0
"4225_2",0
"6277_1",0
"193_1",1
"12397_4",1
"7143_10",1
"3821_9",1
"7837_4",0
"7687_8",1
"6283_2",0
"518_10",1
"3530_2",0
"7633_8",1
"6787_9",1
"2605_7",1
"8174_9",1
"8704_9",1
"1516_3",1
"5451_8",1
"962_2",0
"2061_9",1
"204_4",0
"2810_4",0
"3249_2",0
"9837_7",0
"4827_1",0
"8944_8",1
"8722_9",1
"2146_9",1
"11793_8",1
"1016_8",1
"468_7",1
"9346_10",1
"10890_2",0
"2898_1",0
"906_10",1
"6462_2",0
"8498_3",0
"1291_10",0
"4210_9",1
"9234_8",1
"6559_1",0
"2489_7",1
"8536_9",1
"8918_3",1
"4076_1",0
"6694_10",1
"6043_1",0
"10123_3",1
"11862_2",0
"10192_8",1
"8729_10",1
"10879_1",0
"4327_8",1
"3170_9",1
"9445_1",0
"4842_10",1
"6216_7",1
"1848_3",0
"11300_8",1
"4434_7",1
"1937_2",0
"330_1",0
"4541_10",1
"11198_1",0
"6179_1",0
"10176_1",0
"7656_10",1
"12487_10",0
"7793_1",0
"11586_2",0
"3151_9",0
"5613_3",1
"8101_8",1
"3951_2",0
"8854_10",1
"5110_3",0
"6394_1",0
"3320_2",0
"5960_4",0
"10701_4",1
"6088_10",0
"6903_1",0
"4521_10",1
"7145_9",1
"7934_7",0
"8610_2",0
"6868_3",0
"11225_3",0
"6133_7",0
"8930_1",0
"1639_1",0
"4995_9",1
"4583_1",0
"5591_8",1
"2495_9",1
"268_1",0
"4716_1",0
"10205_10",1
"10068_8",1
"9352_2",0
"1179_9",1
"7728_3",1
"2875_1",0
"84_10",1
"9069_1",0
"8100_3",0
"4466_8",1
"5898_4",0
"5621_10",1
"7403_3",0
"2070_9",1
"4171_7",0
"6894_2",0
"2532_8",1
"7885_1",0
"10519_9",1
"11713_1",0
"4135_1",0
"5921_7",1
"4849_1",0
"11841_1",0
"2649_2",0
"1274_7",1
"2190_2",0
"8987_9",1
"12412_3",0
"7785_3",0
"2942_10",1
"1027_8",1
"10783_2",0
"516_10",1
"691_9",1
"1349_3",1
"965_4",1
"10991_9",0
"7389_10",1
"9409_4",0
"7307_2",0
"11372_1",1
"10354_9",1
"10818_1",0
"4148_1",0
"2941_4",0
"10243_10",1
"2658_10",1
"5075_3",0
"6481_10",1
"9736_3",0
"7131_9",1
"6776_7",1
"365_10",1
"8918_10",1
"3576_1",0
"1614_10",0
"12278_10",1
"2933_10",1
"324_8",1
"4963_4",0
"4951_1",0
"5674_7",0
"8434_9",1
"1363_1",0
"9912_10",1
"4012_4",0
"8910_3",0
"12311_9",1
"5691_8",0
"7545_1",0
"2601_10",1
"2558_10",1
"7729_4",1
"4451_9",0
"8132_10",1
"5373_4",0
"4723_8",1
"12305_8",1
"6005_8",0
"1537_1",0
"12182_8",1
"2424_3",1
"4015_1",0
"7805_1",0
"5722_8",1
"11104_1",0
"10214_10",1
"10879_10",0
"2046_1",0
"6528_9",1
"12425_2",0
"8402_4",1
"33_7",1
"4055_3",0
"601_7",1
"1951_1",1
"1923_4",0
"10120_4",1
"9609_3",0
"10017_4",1
"6135_2",0
"7784_1",1
"6601_9",1
"9710_2",0
"9467_10",1
"4929_3",0
"5503_1",0
"4885_9",1
"1202_9",1
"8554_1",1
"10576_7",0
"1627_1",0
"3001_10",1
"8203_3",0
"6324_8",1
"1266_1",0
"1311_10",1
"7451_3",0
"1072_4",0
"7556_8",1
"3935_9",1
"8308_1",0
"4674_7",0
"7302_10",1
"7336_2",0
"1349_8",1
"7732_8",1
"11768_7",1
"4313_9",0
"2003_8",0
"2080_1",0
"230_2",0
"5649_2",1
"3274_8",1
"1060_4",0
"9649_9",1
"839_7",1
"7581_8",1
"822_9",1
"8487_10",1
"3107_8",1
"7854_1",0
"6623_7",1
"6899_1",0
"795_4",1
"9679_10",1
"8161_10",1
"6055_8",1
"10925_9",1
"7264_1",1
"1809_1",0
"12019_4",0
"3319_9",1
"11903_10",1
"6926_10",1
"2153_9",1
"4410_4",0
"2631_7",0
"12174_4",0
"11829_10",1
"4718_1",1
"11621_4",1
"6340_10",1
"9444_10",1
"2679_3",0
"8983_8",1
"1481_2",0
"5123_8",1
"11431_10",1
"5057_1",0
"7574_10",1
"11932_4",0
"3447_1",0
"1823_7",1
"8296_4",1
"12405_10",1
"8174_4",0
"5517_3",0
"1635_3",0
"7940_7",1
"7992_7",1
"10167_7",0
"6735_4",0
"3568_4",1
"8691_7",1
"5264_7",1
"355_4",0
"11099_4",0
"585_1",0
"10702_10",0
"11958_9",1
"2088_1",0
"6551_9",0
"1245_7",1
"4744_9",1
"3759_8",1
"2008_7",1
"10230_1",0
"12342_1",0
"4647_1",0
"11780_3",0
"9833_2",0
"4832_2",0
"5931_7",0
"1572_1",0
"5403_1",0
"11056_4",1
"3606_2",0
"526_10",1
"4727_7",1
"7329_8",1
"8700_3",0
"6378_8",1
"10460_3",0
"6797_1",0
"7608_4",0
"7005_9",0
"2771_1",0
"5265_1",0
"4457_4",0
"7825_9",1
"5478_4",0
"3550_1",0
"9926_2",0
"11998_9",0
"3814_7",1
"5372_7",1
"11241_1",0
"1514_1",0
"8589_4",0
"11247_2",0
"1913_3",0
"12387_4",0
"4670_4",1
"4_4",1
"7726_1",0
"12318_1",0
"1969_1",0
"2319_3",1
"6810_1",0
"3957_10",1
"7378_4",0
"10225_9",0
"6497_10",1
"11048_7",1
"2315_3",0
"131_10",1
"5217_8",1
"4287_1",1
"9052_1",1
"9564_1",0
"6379_9",1
"12299_7",1
"8392_3",0
"7627_10",1
"4139_8",0
"814_1",0
"3645_8",1
"1593_10",1
"416_8",1
"2832_4",1
"6602_2",0
"11424_8",1
"9067_3",0
"8105_1",0
"3558_3",0
"9282_1",0
"5291_4",1
"6765_9",1
"6120_1",0
"2625_8",0
"6871_8",1
"3754_8",1
"8240_9",1
"9566_1",0
"4842_2",0
"4580_8",1
"10099_10",0
"3200_10",1
"11565_9",1
"2202_10",1
"8281_1",0
"777_2",1
"9650_10",1
"1907_7",1
"6833_2",0
"7766_7",1
"43_4",0
"2351_10",1
"6028_9",1
"7530_3",0
"11093_10",0
"27_1",0
"6598_8",1
"9597_10",1
"11010_1",0
"6702_8",0
"5269_1",0
"1434_3",1
"2868_7",1
"7444_10",1
"5007_10",1
"10233_7",0
"3732_4",1
"11498_7",0
"6324_1",0
"958_9",1
"6436_10",0
"5084_7",0
"4582_3",0
"381_1",0
"7619_2",0
"2784_8",0
"4177_9",1
"11125_1",0
"6670_8",0
"4989_3",0
"7841_10",1
"1857_10",1
"4378_9",1
"2860_9",1
"5449_1",0
"12409_1",0
"3432_4",0
"379_10",1
"1812_1",0
"6157_10",1
"1098_2",0
"9009_1",0
"10272_10",0
"11948_10",1
"387_8",0
"7926_2",0
"11086_7",1
"10163_8",1
"6829_8",1
"1590_1",0
"2331_10",1
"4246_8",1
"10820_10",1
"5936_10",0
"5420_4",0
"3694_2",0
"4909_8",0
"11525_1",0
"10109_1",0
"9831_1",0
"7416_3",0
"4623_4",0
"2218_1",1
"11418_4",0
"4983_2",0
"7076_10",1
"4630_9",1
"6319_10",1
"6288_3",0
"2426_9",1
"3263_4",1
"10291_4",0
"353_9",1
"6937_2",0
"12214_3",0
"2707_10",1
"3815_7",1
"5460_8",1
"7786_8",1
"7598_1",0
"4394_1",0
"7649_4",1
"6087_9",1
"3820_8",1
"6041_10",0
"11656_2",0
"10862_3",0
"6428_3",0
"6906_8",0
"12381_8",1
"876_7",1
"8815_2",0
"11572_8",1
"5051_1",1
"6932_7",1
"10326_10",1
"3895_8",1
"3749_9",1
"6608_7",1
"11640_9",1
"2657_1",1
"2155_10",1
"9876_8",1
"11662_1",0
"7417_2",0
"4656_8",1
"11188_10",0
"3971_1",0
"9302_1",0
"12389_1",1
"8088_7",1
"9688_9",1
"3756_8",1
"8942_8",1
"11909_1",0
"9354_9",1
"5247_4",1
"6958_7",0
"5332_7",0
"3136_2",0
"9655_1",0
"10477_9",1
"8290_2",0
"2616_10",1
"12104_1",0
"12164_9",1
"7788_2",0
"10515_9",1
"7968_1",0
"12379_2",0
"11262_7",0
"9743_8",1
"5983_4",0
"2788_4",1
"9744_1",1
"11015_9",1
"222_10",1
"10482_10",0
"10050_2",0
"852_7",1
"780_2",0
"5063_1",0
"11533_8",0
"7371_7",1
"11133_10",1
"2976_10",1
"5695_8",0
"3978_10",0
"894_4",0
"1688_9",1
"7047_10",0
"1984_10",1
"3849_4",1
"4468_1",0
"5271_4",0
"3730_2",0
"11373_8",0
"11524_2",0
"9683_9",1
"7141_8",1
"11985_3",0
"12467_7",1
"10163_4",1
"1539_3",0
"12322_10",1
"5757_1",0
"2174_8",1
"12302_4",1
"576_3",0
"451_2",0
"5930_7",0
"10350_1",0
"2379_1",0
"201_10",1
"4244_10",0
"3432_8",1
"7605_4",1
"10550_8",1
"4967_10",1
"7765_4",0
"6497_1",0
"6427_10",1
"10366_1",0
"8775_9",1
"6011_8",1
"1774_10",1
"1041_9",1
"9949_9",0
"6849_7",0
"7829_7",1
"2666_10",1
"10266_9",1
"4847_9",1
"5724_2",0
"1621_10",1
"8472_1",0
"1279_9",0
"4460_9",1
"8631_7",1
"666_1",0
"4029_3",0
"11395_8",1
"603_1",0
"9850_1",0
"11191_3",0
"6227_7",1
"5718_7",0
"12410_8",0
"4324_1",0
"5250_10",0
"1880_10",1
"2856_1",0
"2046_8",1
"7370_1",0
"10781_10",1
"9144_1",0
"8169_8",1
"12069_4",0
"10044_9",1
"3396_3",0
"2104_2",0
"9278_7",1
"704_10",1
"3292_10",1
"1411_4",0
"12314_10",1
"3127_9",1
"4756_3",1
"3370_2",0
"4294_2",1
"4944_3",0
"8674_2",0
"4153_10",1
"11795_1",0
"1844_8",1
"3485_3",0
"7598_10",1
"253_7",1
"1668_8",1
"3641_9",1
"3988_7",1
"3914_10",1
"11443_2",0
"117_3",1
"1710_7",0
"142_8",1
"12001_1",0
"4700_9",1
"2058_9",1
"7766_1",0
"10567_9",1
"136_4",0
"8383_1",0
"2267_8",1
"10927_10",1
"7533_3",1
"2462_4",0
"6313_9",1
"343_2",0
"8488_8",1
"4804_7",1
"3262_8",1
"3830_10",1
"2349_9",1
"2835_7",1
"2963_1",0
"80_9",1
"11288_1",0
"3033_8",0
"2826_10",1
"11404_10",1
"9505_4",0
"2753_10",1
"1364_8",1
"9064_7",0
"2736_4",0
"1673_8",1
"4703_9",1
"5528_7",1
"5294_8",1
"11347_10",1
"1633_4",0
"7685_4",0
"4107_10",1
"8984_3",0
"938_1",0
"1325_2",0
"2935_10",1
"12238_8",1
"2373_7",1
"709_2",0
"9631_4",0
"12335_3",0
"5826_1",1
"7498_10",1
"286_1",0
"12479_1",0
"11043_7",1
"9467_1",1
"4884_2",0
"10622_3",1
"4656_4",1
"4614_4",1
"3225_10",0
"12011_10",1
"2382_7",1
"6567_2",1
"5612_8",1
"3927_9",1
"7481_10",1
"2326_3",0
"4072_1",0
"6453_2",0
"10438_9",1
"9289_7",1
"6406_4",0
"2025_10",1
"12304_3",0
"4938_7",1
"10021_2",0
"1448_1",0
"1914_4",0
"7775_4",0
"11724_8",0
"6090_7",1
"7016_7",1
"11056_10",1
"10513_7",1
"2085_7",1
"1240_7",1
"9838_1",0
"8659_7",1
"11333_3",0
"10594_1",0
"350_9",0
"4480_9",1
"7857_10",1
"1157_4",1
"1940_10",1
"11501_2",1
"3998_10",1
"7104_1",1
"8234_7",1
"4623_7",1
"9086_3",1
"12266_9",1
"549_9",1
"390_10",1
"995_9",1
"2843_2",0
"12094_3",0
"9330_8",1
"4730_4",0
"10001_4",1
"2121_1",0
"9920_7",1
"7178_1",0
"6486_2",0
"1861_10",1
"8873_3",0
"7743_8",1
"11887_8",1
"1549_10",1
"1271_7",1
"6755_7",1
"2469_10",1
"5748_4",0
"9642_10",1
"10587_8",1
"3482_10",1
"2553_7",0
"6645_1",0
"3427_1",0
"3114_9",0
"5866_9",1
"8650_10",0
"849_7",1
"6387_3",0
"1934_4",0
"3921_1",0
"223_1",1
"11911_10",1
"11046_8",1
"8152_10",1
"4739_7",1
"12364_7",1
"12458_2",0
"5967_10",1
"6386_1",0
"7431_4",0
"4577_10",1
"4295_2",0
"8576_8",1
"356_4",0
"4852_1",0
"11972_10",1
"2235_10",1
"11452_8",1
"5418_10",1
"9551_1",0
"11789_10",1
"6733_3",0
"577_3",0
"776_1",0
"3277_9",0
"6123_7",0
"8528_3",1
"96_1",0
"11484_9",1
"1649_8",1
"11933_8",1
"4572_10",0
"1884_8",1
"12250_10",1
"9292_10",1
"11673_8",1
"1888_4",0
"5351_2",0
"7797_3",0
"5215_2",0
"3199_2",1
"2021_8",1
"9634_8",1
"5899_7",1
"9577_8",1
"1122_7",1
"10223_4",1
"780_7",1
"9337_10",1
"7407_2",0
"4081_10",1
"9384_4",1
"11957_8",1
"10554_1",0
"5620_3",0
"6371_4",0
"2266_1",0
"8825_1",0
"9604_10",1
"5363_9",1
"10136_7",0
"2237_7",0
"8046_9",1
"742_9",1
"3523_9",1
"3424_1",0
"918_10",0
"9407_4",0
"8112_1",1
"8296_8",1
"3047_7",0
"11207_10",1
"9871_7",0
"4097_8",1
"11910_1",0
"5088_8",0
"6419_1",1
"11798_3",0
"8827_8",1
"11567_8",0
"4584_1",0
"2424_7",1
"2246_10",0
"1755_3",1
"10103_1",0
"4243_2",0
"4125_8",1
"8936_1",0
"12381_1",0
"237_1",0
"10697_8",1
"1878_10",1
"8447_3",0
"11270_1",0
"9943_7",1
"4068_3",0
"11385_8",1
"3935_1",0
"10940_10",1
"8585_4",1
"1719_1",0
"787_4",0
"11625_4",1
"8539_8",1
"8047_9",1
"3429_4",0
"8341_1",0
"198_2",0
"7635_10",1
"6225_1",0
"1634_7",1
"130_9",1
"1377_7",1
"5550_4",0
"7259_7",1
"4153_1",0
"458_1",0
"11558_10",1
"11169_7",1
"3052_1",0
"1358_4",0
"5664_8",0
"11069_1",0
"10135_2",0
"1926_10",1
"5543_2",0
"6532_8",1
"6312_2",1
"8455_2",0
"9545_4",0
"11941_8",1
"978_9",1
"12246_9",1
"11700_2",0
"6364_8",1
"6408_2",1
"7750_1",0
"11820_4",1
"4794_8",1
"1563_1",0
"9799_1",1
"1329_8",1
"12106_1",1
"10298_4",0
"2999_7",0
"4206_1",0
"2979_10",1
"3783_4",1
"10207_10",1
"5838_8",0
"12121_7",1
"1218_8",1
"3494_4",1
"8115_1",0
"8654_9",1
"7435_4",0
"10281_1",0
"473_1",0
"5753_8",1
"3183_1",0
"9574_9",1
"12163_8",1
"4672_3",1
"8244_1",0
"3095_1",0
"1380_7",1
"4611_1",0
"1987_4",0
"8772_8",1
"262_4",0
"6477_7",1
"9071_1",0
"1474_4",1
"7745_1",0
"36_10",1
"9948_8",1
"3007_7",1
"7085_9",1
"9412_10",1
"8295_4",1
"3675_9",1
"9745_7",1
"11855_1",0
"5421_7",1
"5345_4",0
"526_2",1
"8645_8",0
"12080_3",0
"3442_10",0
"2980_4",1
"10099_1",0
"9157_10",1
"3672_4",0
"3786_9",1
"8032_3",0
"8529_4",0
"5426_2",0
"9534_1",1
"6544_10",1
"5516_7",0
"546_10",1
"5734_9",0
"691_3",0
"8240_1",0
"5243_9",1
"6874_4",0
"6666_4",0
"3726_7",0
"9238_10",1
"9222_4",0
"10461_1",0
"6265_7",1
"11201_7",1
"8021_7",1
"11002_1",0
"11433_4",1
"10195_8",1
"570_10",1
"4965_9",1
"11844_10",1
"3937_3",0
"9744_7",1
"8253_4",1
"4057_7",1
"5570_10",1
"3340_8",1
"1189_4",1
"4124_8",1
"7450_9",1
"1626_10",1
"1313_1",1
"5140_10",1
"6783_7",1
"6935_8",1
"2125_2",1
"8004_2",0
"9392_9",1
"4505_2",1
"7384_10",0
"684_2",0
"4181_4",0
"9671_4",1
"12047_10",1
"8973_3",0
"7653_1",0
"1680_8",1
"10535_2",1
"372_10",1
"491_7",0
"10212_1",1
"12284_4",0
"396_8",1
"155_10",1
"8267_1",0
"5846_3",0
"1693_10",0
"9223_9",1
"8869_2",0
"8110_9",0
"3376_9",1
"9211_9",1
"7259_4",0
"1404_10",1
"1725_8",1
"5412_2",1
"10178_3",0
"10887_7",0
"5808_4",1
"8285_8",1
"9899_7",0
"2726_9",1
"1965_1",0
"8765_4",0
"7097_9",1
"9571_9",1
"1828_8",1
"9011_4",0
"2586_2",0
"4327_4",1
"1301_10",1
"1810_7",1
"2246_4",1
"6500_10",0
"7555_7",1
"3572_1",1
"10290_1",0
"10707_1",0
"12258_1",0
"10430_9",1
"2421_9",0
"9773_1",0
"1051_4",0
"8209_4",1
"919_1",0
"1312_3",0
"4112_9",1
"11116_10",1
"4226_3",0
"4566_9",1
"5059_4",1
"8705_1",0
"9057_3",0
"6156_10",1
"8087_4",0
"8893_4",1
"3346_2",0
"6734_4",0
"5588_10",1
"6615_1",0
"6398_8",1
"2338_10",1
"4497_4",0
"9078_1",0
"464_2",0
"9218_10",1
"5193_9",1
"9117_10",0
"10086_7",1
"682_3",1
"9822_10",1
"8875_9",1
"8346_1",0
"5389_3",0
"1374_8",1
"9578_4",0
"7697_9",1
"6977_4",0
"4093_8",1
"6865_1",0
"3192_10",1
"3897_4",0
"8627_10",1
"3269_8",1
"1650_10",1
"7578_4",0
"8390_3",0
"616_1",0
"7180_4",1
"8382_7",0
"12294_8",1
"9795_1",1
"6913_9",1
"3623_8",1
"1317_2",0
"9047_4",1
"10012_8",1
"10974_2",1
"5487_10",1
"6234_8",1
"9463_1",0
"10080_10",1
"1375_1",0
"11111_1",0
"1803_10",0
"6595_9",1
"2600_10",1
"3985_4",0
"1945_3",0
"10274_8",1
"596_4",0
"4526_4",1
"1612_10",1
"2403_1",1
"4432_10",1
"2_9",1
"10950_9",1
"791_9",1
"8649_1",0
"4836_8",1
"855_9",1
"8036_2",0
"2440_1",0
"690_9",0
"10673_10",1
"4170_1",0
"120_8",0
"10733_4",0
"8358_4",1
"10655_9",1
"12252_10",1
"399_9",1
"5311_1",0
"2391_10",1
"8401_3",1
"6606_3",0
"11805_10",1
"11943_7",1
"1040_10",1
"9072_1",0
"8936_8",1
"6864_7",0
"9114_1",0
"4431_4",0
"12142_1",0
"2697_9",1
"7402_2",0
"7271_7",1
"2180_8",1
"9246_8",1
"10966_9",1
"4680_4",0
"8672_2",0
"10337_3",0
"2428_8",1
"12374_7",1
"12221_2",0
"9208_7",1
"2751_10",0
"11611_9",1
"814_10",0
"9469_10",1
"10693_8",1
"11034_1",0
"10459_2",0
"8660_1",0
"7512_8",1
"1027_1",0
"3389_1",1
"8791_1",0
"3614_2",0
"4155_10",1
"5136_3",0
"2479_3",0
"4277_10",1
"5499_10",1
"2864_1",0
"9461_1",0
"2413_10",1
"9670_4",0
"8164_1",0
"5231_10",1
"5655_7",1
"7009_10",1
"1849_7",1
"8948_7",1
"7650_9",1
"5861_1",0
"3599_8",0
"2105_3",0
"7516_3",0
"2971_3",0
"11653_10",1
"6327_4",0
"5137_10",1
"5009_9",1
"161_2",0
"508_9",1
"6480_3",1
"4324_7",1
"11302_4",0
"3772_10",1
"5157_1",0
"557_2",1
"6420_4",0
"5489_10",0
"5175_2",0
"7138_10",0
"4518_9",0
"7360_10",1
"5961_4",0
"8857_10",1
"5933_7",0
"5353_7",0
"8469_1",0
"2661_10",1
"7091_9",1
"12044_1",0
"3980_10",1
"8867_10",1
"123_1",0
"5126_7",1
"4994_9",1
"6787_1",0
"12471_1",0
"11039_1",0
"9883_3",0
"9982_3",1
"9382_9",1
"2514_8",1
"1707_2",0
"3595_10",1
"8183_4",1
"5998_1",0
"8844_4",0
"1451_8",1
"2470_10",1
"5234_4",0
"2633_8",0
"5430_3",0
"5646_1",1
"7725_2",0
"3565_10",1
"7641_3",1
"7354_4",0
"5157_7",1
"3544_9",1
"4845_9",1
"5734_1",0
"7273_4",1
"169_1",0
"8530_9",1
"5711_8",1
"5161_1",0
"1255_10",0
"3902_4",1
"11111_9",1
"5929_10",0
"2369_10",1
"9844_1",0
"11696_4",0
"3830_1",0
"7026_4",1
"197_9",1
"3308_8",1
"10841_10",0
"3600_3",0
"4544_1",0
"4208_10",1
"110_10",1
"7151_10",1
"7946_10",1
"5965_3",1
"6583_7",1
"11850_10",1
"10779_10",1
"10234_1",0
"3020_9",1
"11897_3",1
"4152_10",1
"12339_10",1
"5946_4",0
"9450_10",1
"9628_8",0
"3826_10",1
"5985_10",1
"238_10",1
"10203_2",0
"2852_7",1
"5184_2",1
"8065_9",1
"1432_7",1
"676_4",1
"5632_8",1
"1911_10",1
"3789_8",1
"6473_8",1
"7284_8",0
"7584_7",0
"6677_1",0
"11235_8",1
"5564_2",0
"6401_1",0
"6925_9",1
"5441_10",1
"5546_4",1
"10476_9",1
"3528_7",1
"2841_3",0
"9615_1",0
"5817_1",0
"10408_10",1
"7757_1",0
"3735_10",1
"9185_9",1
"7269_3",1
"6211_2",0
"9588_4",0
"5423_4",0
"4014_2",1
"11390_10",1
"6367_7",0
"1050_4",1
"4984_8",1
"7515_8",1
"7304_4",0
"4308_1",0
"5991_1",0
"9606_10",1
"8444_10",1
"10591_10",1
"10843_1",0
"3048_1",0
"11275_10",0
"1870_10",1
"11946_4",1
"9761_10",1
"8902_3",0
"9201_8",1
"9487_4",0
"7327_1",0
"11135_2",0
"1624_10",1
"2091_3",1
"5146_9",1
"7470_10",0
"4876_4",1
"10037_9",1
"11763_7",1
"10558_4",0
"6512_1",0
"8735_4",0
"2060_3",0
"436_1",1
"6333_1",0
"1860_4",0
"6901_3",0
"7283_8",0
"321_1",0
"2520_10",1
"3212_7",0
"593_1",0
"540_8",0
"9144_7",1
"11370_1",0
"9183_10",1
"1056_10",0
"986_2",0
"9114_10",1
"9610_4",1
"3068_1",1
"7550_1",1
"10596_1",0
"12123_1",0
"5881_7",0
"9301_10",1
"1765_4",0
"11707_10",1
"3311_10",1
"967_7",1
"4999_1",0
"9459_8",0
"891_2",1
"217_3",0
"8308_7",1
"11814_7",0
"7480_10",1
"4188_4",0
"8503_8",0
"8800_3",0
"10197_1",0
"4139_1",0
"21_4",0
"12453_7",0
"10749_1",0
"4157_8",0
"5776_10",0
"2556_1",0
"1280_4",1
"2432_7",1
"11002_8",1
"7328_2",0
"12281_2",1
"5365_10",1
"2292_2",1
"7437_10",1
"5094_3",0
"6168_10",0
"5218_4",0
"10778_8",1
"3036_2",0
"2793_9",1
"247_3",0
"5061_8",1
"7672_10",1
"9052_8",1
"8220_8",0
"8757_8",1
"6683_1",0
"6063_4",0
"9053_10",1
"2841_10",1
"5569_4",0
"11704_10",0
"7484_1",0
"5907_1",0
"98_10",1
"6273_9",1
"7860_4",0
"8064_10",1
"12376_1",0
"2397_9",1
"2754_10",1
"7544_3",0
"2422_3",0
"4722_8",1
"737_1",0
"11078_10",1
"7039_1",0
"8563_2",0
"8492_9",1
"8614_9",1
"7838_1",0
"12297_7",1
"9981_1",1
"10609_10",1
"2757_10",1
"11063_10",1
"3642_9",1
"3804_10",0
"4140_10",1
"10510_1",0
"593_9",1
"7701_10",0
"3632_4",1
"3970_7",1
"10682_10",1
"4570_1",1
"4213_1",1
"12144_2",0
"7075_3",0
"7295_2",0
"359_3",0
"11_3",0
"2115_4",1
"2438_9",1
"11541_10",1
"6257_10",1
"2217_3",0
"3492_7",1
"5190_4",0
"10241_8",1
"2176_8",1
"3555_7",1
"1901_1",0
"6259_8",1
"1744_3",1
"11784_1",0
"263_9",0
"12299_1",0
"678_8",1
"783_1",0
"880_10",1
"2319_8",1
"8233_8",1
"6768_3",0
"5006_10",1
"2096_3",0
"8896_1",0
"6240_10",1
"1798_9",1
"11482_9",1
"6580_4",0
"5166_10",1
"11447_1",0
"10838_10",0
"9573_8",1
"3289_10",1
"7717_10",0
"9397_3",0
"459_1",0
"12231_10",1
"7274_10",0
"6920_8",1
"12466_1",0
"866_8",1
"5661_2",0
"3741_8",1
"10058_1",0
"3596_8",1
"6298_9",0
"3810_4",0
"3487_9",1
"3103_2",1
"9980_8",0
"8466_9",0
"9380_9",1
"9888_4",0
"1215_10",1
"8525_10",1
"7041_1",0
"564_8",0
"2547_1",1
"1118_10",1
"8172_1",0
"9292_3",0
"111_10",1
"4037_7",1
"8675_8",0
"7937_10",1
"1910_1",0
"9653_9",1
"1083_10",1
"5123_2",0
"6175_4",0
"2308_10",1
"9574_1",0
"3500_1",1
"7476_4",0
"2711_7",1
"1375_8",0
"2229_1",0
"2919_1",0
"3688_8",1
"1618_10",1
"5286_10",0
"5182_8",1
"1822_8",1
"11245_10",1
"7558_8",1
"4422_4",1
"4515_1",0
"7002_10",1
"1642_3",0
"4891_1",0
"1439_3",0
"7754_9",1
"4781_8",1
"9759_10",0
"1000_8",1
"3312_3",0
"3464_1",0
"2919_10",1
"8170_7",1
"5527_8",1
"5851_1",0
"3773_1",0
"9087_7",1
"9171_9",1
"2697_1",0
"2194_3",0
"173_3",0
"5456_10",0
"6188_1",0
"1552_3",0
"3166_9",1
"3958_7",1
"7209_2",0
"9046_1",0
"5061_4",1
"5195_7",0
"7000_7",1
"6574_4",1
"3204_10",1
"3833_8",1
"6513_4",0
"6121_10",1
"5294_4",1
"827_7",1
"10330_8",1
"12212_10",1
"5954_1",0
"2583_10",0
"8166_1",0
"204_10",0
"10930_8",1
"11688_1",1
"124_2",0
"2107_3",1
"3630_7",1
"3049_2",0
"7354_7",1
"11870_10",1
"11250_9",1
"11087_8",0
"8208_8",0
"4756_10",1
"8305_3",0
"7357_10",0
"9392_4",0
"9196_10",1
"18_7",1
"4777_10",1
"6638_4",0
"4006_4",1
"972_9",1
"234_1",0
"11629_2",0
"7644_2",0
"12400_8",1
"7799_8",1
"4901_9",1
"4015_7",1
"9148_7",1
"2309_3",0
"1424_10",0
"11348_10",1
"10758_8",1
"4258_3",1
"3090_1",0
"4296_9",1
"781_9",1
"7656_1",0
"939_10",1
"7377_9",1
"352_4",0
"563_4",0
"395_1",0
"298_4",0
"2192_9",1
"11280_3",0
"5514_4",0
"8891_10",1
"12343_2",0
"7506_4",0
"9080_3",0
"11281_2",0
"11711_10",1
"4724_2",0
"7320_10",1
"1135_3",0
"11397_1",0
"4669_10",1
"9002_4",0
"9464_1",0
"7443_7",1
"2052_1",1
"11714_1",0
"11666_1",0
"8242_3",0
"9805_10",1
"6951_3",0
"10114_10",1
"8851_7",1
"905_10",1
"3149_8",1
"10246_10",0
"11193_7",0
"6905_1",0
"11811_2",1
"5421_4",0
"8479_3",0
"555_8",1
"9093_10",1
"3905_10",1
"9315_1",0
"937_10",1
"9569_4",1
"11256_10",1
"7293_10",1
"11100_4",0
"10790_8",0
"10265_9",1
"1905_10",1
"1778_3",0
"1304_7",0
"9335_1",0
"10976_1",1
"9438_10",1
"8309_7",0
"11179_9",1
"7074_4",1
"2541_1",0
"10381_10",1
"8628_4",0
"5549_8",1
"7398_4",0
"9809_7",0
"4714_1",0
"7944_2",0
"704_1",0
"9228_3",1
"11103_10",1
"2491_1",0
"4143_1",0
"3278_8",1
"11391_2",1
"3404_8",1
"5417_10",1
"4227_1",0
"5419_10",1
"6044_4",1
"8783_1",0
"6951_10",0
"4370_10",1
"2538_10",0
"9426_2",1
"4444_10",0
"9759_2",0
"640_3",1
"8627_4",0
"11970_10",1
"5904_3",0
"11311_4",1
"2829_1",0
"3526_2",0
"11411_8",1
"6034_10",1
"12227_1",0
"6743_9",1
"4927_3",1
"5533_1",0
"1232_1",0
"4747_1",0
"11393_7",0
"140_8",0
"6974_10",1
"10570_8",1
"7224_8",1
"12362_1",0
"2425_4",0
"11258_3",0
"378_8",1
"5103_8",0
"4199_7",1
"2820_7",1
"2564_10",1
"7948_4",1
"589_10",1
"11671_8",1
"2511_10",0
"3409_10",1
"6675_8",1
"1773_9",1
"2182_9",1
"5148_2",0
"5502_10",1
"151_10",1
"907_8",1
"2212_10",1
"5643_7",1
"3096_1",0
"2740_1",0
"3267_2",1
"6587_9",1
"11957_1",0
"5870_1",1
"2988_7",1
"805_9",1
"11922_10",1
"4484_1",1
"6421_8",1
"1707_10",1
"5738_4",0
"5106_8",1
"4590_1",0
"8876_4",0
"5482_10",1
"9559_8",1
"10604_2",0
"9286_1",0
"807_2",0
"7463_10",1
"1013_9",1
"6177_7",1
"8731_1",0
"6170_4",0
"1398_3",0
"7111_1",0
"2918_9",1
"5644_2",0
"594_9",1
"1834_3",0
"6869_8",1
"11080_1",0
"2032_2",0
"9812_2",0
"7331_10",1
"2805_9",1
"3587_10",1
"6944_9",1
"4380_8",1
"1907_2",0
"12198_3",1
"7640_2",0
"255_10",1
"2030_4",0
"493_10",1
"9075_1",1
"8991_10",1
"12322_4",0
"11042_7",1
"7982_1",0
"2610_3",0
"10604_7",0
"7686_10",1
"12492_4",0
"3765_10",1
"12045_10",0
"5710_8",0
"9310_10",0
"10007_7",1
"7862_7",1
"131_4",1
"559_1",0
"5534_7",1
"12017_3",0
"9132_10",1
"4729_10",1
"10519_1",0
"5488_2",0
"7086_10",1
"12017_7",1
"217_8",1
"12444_3",0
"10765_10",0
"1989_1",0
"10244_2",0
"5260_10",1
"5542_4",0
"7028_2",0
"53_10",1
"1447_3",0
"4111_2",0
"894_9",1
"6044_10",1
"4105_1",0
"6164_7",1
"1139_8",1
"11917_8",1
"6250_10",1
"9243_8",1
"12295_3",1
"6875_10",1
"648_7",1
"12129_7",1
"786_3",1
"7014_10",1
"7883_10",0
"3042_8",1
"6593_1",0
"444_10",1
"11247_8",1
"3887_10",1
"9612_8",1
"9150_1",0
"9121_3",1
"2970_4",1
"6219_3",0
"6314_2",1
"2766_2",0
"4400_4",1
"3132_4",1
"11670_1",0
"1574_9",1
"2667_1",1
"12386_8",1
"2348_3",1
"7324_10",1
"10649_7",1
"5729_1",0
"10418_1",0
"2545_2",0
"11121_10",0
"10485_8",1
"7165_1",0
"9664_10",1
"12363_1",0
"10686_8",0
"3178_4",1
"9318_1",0
"2778_3",0
"8113_4",0
"3180_8",0
"2788_9",1
"7847_9",1
"8723_8",0
"5704_7",1
"717_7",1
"6347_9",1
"5407_7",1
"930_7",1
"9702_10",1
"4089_8",0
"629_1",1
"8261_1",0
"1564_10",1
"2679_8",0
"8395_3",1
"6092_1",0
"6523_10",1
"3297_1",0
"7417_10",1
"1487_1",0
"10756_2",0
"9353_8",1
"10087_4",1
"5263_1",0
"6507_10",1
"4814_3",0
"11859_10",1
"10150_9",1
"1454_1",0
"2796_2",0
"1295_10",1
"4946_10",1
"9593_2",0
"4761_4",1
"7494_10",1
"10813_10",0
"3463_7",1
"7188_4",0
"3161_10",1
"9983_3",0
"530_3",1
"7061_7",1
"2737_9",0
"3792_4",1
"8283_7",1
"4710_7",1
"8453_1",1
"9015_8",1
"10861_4",0
"4594_1",0
"3005_8",1
"10723_4",0
"11283_1",0
"4526_10",1
"4833_3",1
"9938_9",1
"107_2",0
"7735_1",1
"3527_7",1
"6896_7",1
"11007_10",0
"7117_10",1
"10314_8",1
"10801_8",0
"916_10",1
"3889_2",0
"10236_1",0
"4184_4",0
"6485_10",1
"6576_8",1
"1499_7",1
"12374_1",0
"8168_4",0
"765_4",1
"11928_4",0
"10902_1",0
"5578_1",0
"12076_4",0
"215_4",1
"6616_1",0
"1852_2",0
"11044_7",1
"4922_7",0
"6389_9",0
"9665_2",0
"6265_1",1
"702_2",0
"9429_1",0
"4352_4",0
"12136_1",0
"7866_10",0
"2611_9",1
"6766_8",1
"9540_8",0
"4354_8",1
"836_4",1
"70_9",1
"1361_4",1
"792_1",0
"4267_3",0
"1390_2",0
"9321_8",1
"421_9",1
"2644_8",1
"8924_10",1
"3110_1",0
"10271_1",0
"5784_4",1
"8185_2",0
"3683_9",1
"9927_9",1
"11844_3",0
"8411_1",0
"8587_7",1
"11299_4",0
"103_7",1
"9213_7",1
"9134_7",1
"9679_2",0
"9022_10",1
"7214_1",0
"9023_4",0
"11491_3",0
"7370_7",1
"6590_9",1
"4144_10",0
"12264_9",1
"11598_8",1
"3220_4",0
"3380_7",1
"12270_10",0
"7199_1",0
"11684_3",0
"1210_1",0
"1115_1",0
"1550_1",0
"5324_3",1
"6077_9",1
"4045_1",0
"7688_1",0
"278_9",0
"8668_9",1
"4219_4",0
"7966_9",1
"8258_2",0
"10258_10",0
"1229_8",1
"1534_10",1
"3966_9",1
"7549_1",0
"3343_7",1
"2150_10",1
"3915_9",1
"3174_9",0
"1482_10",1
"7511_9",1
"5147_3",0
"6308_8",1
"10788_10",1
"4628_2",0
"8160_1",0
"560_1",0
"10499_10",1
"3438_4",0
"7695_9",1
"8980_1",0
"1789_3",0
"10561_8",0
"5565_3",0
"4611_10",1
"3439_9",0
"4812_8",1
"950_1",0
"2267_1",0
"2401_8",1
"63_1",0
"2447_1",1
"7330_2",1
"9528_9",1
"11303_4",0
"12150_3",0
"8079_3",0
"6730_3",1
"6542_1",0
"5163_3",0
"10063_1",0
"10489_10",1
"584_8",1
"886_8",0
"6407_1",1
"3768_3",0
"2338_1",1
"11543_1",0
"6620_1",1
"8998_10",0
"6784_1",0
"1794_4",1
"6519_3",1
"4868_8",1
"969_7",0
"7605_8",1
"1293_8",1
"10984_2",1
"7179_1",0
"9629_8",0
"4201_1",1
"11400_4",0
"8166_10",1
"12178_1",0
"6189_10",1
"9008_1",0
"1356_8",1
"7650_1",0
"8656_9",0
"3031_8",1
"11048_4",1
"4187_3",0
"2240_7",1
"5759_3",0
"1776_10",1
"12078_1",0
"830_10",1
"754_9",1
"6218_3",0
"1734_2",1
"7172_10",1
"6774_1",0
"5778_9",1
"7025_1",0
"2722_8",0
"10247_10",0
"2911_3",0
"923_2",0
"9218_4",0
"11692_1",0
"1606_7",1
"6150_3",0
"9398_9",0
"1391_7",0
"5828_2",1
"3637_1",1
"11466_2",0
"2226_10",0
"336_1",0
"121_4",0
"5062_1",0
"9580_7",0
"2294_2",1
"1692_8",1
"10749_8",1
"3566_9",1
"7510_8",0
"6180_3",0
"6383_10",0
"5700_1",0
"12188_4",0
"10389_4",0
"2931_4",1
"3107_3",0
"760_4",0
"11727_7",1
"5765_1",0
"11492_1",0
"4884_10",1
"1679_1",0
"11011_3",0
"9486_10",0
"6526_2",0
"9440_8",0
"2172_2",0
"118_8",1
"8799_4",1
"4063_2",1
"12032_8",1
"5835_10",1
"10133_7",0
"7210_8",1
"3819_8",1
"3807_8",1
"1407_2",1
"10155_4",1
"9784_8",1
"2142_8",1
"5399_8",1
"11738_2",0
"4589_10",1
"6519_8",1
"4627_1",0
"6505_1",0
"1031_2",0
"9576_9",1
"9713_2",0
"11361_10",1
"7520_8",1
"5775_3",0
"6_10",1
"9972_1",0
"6300_8",1
"8660_7",1
"12384_8",1
"5996_7",0
"893_2",0
"7869_9",1
"7690_9",1
"8254_8",1
"9540_2",0
"11040_7",0
"2858_1",0
"4699_8",0
"1195_1",0
"5704_2",0
"1071_4",0
"2752_7",1
"6426_4",1
"4207_7",1
"4864_7",1
"788_8",1
"10165_7",1
"3622_8",1
"9430_2",0
"12214_10",1
"11940_4",0
"3163_10",1
"8978_10",0
"2431_1",0
"4209_7",1
"9771_3",1
"11123_2",0
"4078_10",0
"411_2",0
"10064_3",0
"5507_4",1
"666_10",1
"1882_1",0
"2904_2",0
"6513_9",0
"2536_1",0
"8509_7",1
"7920_7",0
"7768_1",0
"5340_8",1
"1134_2",0
"10428_4",0
"9947_1",0
"1015_2",0
"11942_8",1
"6081_4",1
"422_7",0
"12212_3",0
"1244_2",1
"7160_8",1
"846_7",1
"11857_1",0
"6853_1",0
"10640_3",1
"7496_4",0
"3994_8",0
"102_10",1
"1166_8",1
"5782_10",1
"10046_1",0
"2307_1",0
"2789_1",0
"3609_1",0
"11813_1",1
"3452_8",1
"9453_8",1
"11368_10",1
"2416_2",0
"1341_10",0
"3929_4",0
"1158_9",1
"10263_4",0
"9207_1",1
"2491_8",0
"5749_1",0
"3948_9",0
"7748_2",0
"11345_2",0
"5208_4",1
"6647_8",1
"2358_9",1
"11066_1",0
"5796_8",1
"368_10",1
"600_10",1
"5257_10",1
"2836_1",0
"11874_1",0
"10927_1",1
"10044_1",1
"8540_9",1
"3284_10",1
"4233_1",0
"12029_4",1
"12177_3",0
"11914_2",0
"2438_2",0
"1836_2",0
"887_3",1
"871_4",1
"10360_8",1
"8588_4",0
"8612_7",0
"9307_1",0
"3589_4",0
"97_1",0
"9686_7",1
"10185_4",0
"11856_10",1
"8157_4",0
"5815_3",1
"5257_3",0
"7068_8",1
"4649_10",0
"10536_4",1
"3723_1",0
"12135_10",1
"3852_2",0
"6496_10",1
"3740_2",0
"6851_8",1
"5448_10",1
"12208_2",0
"329_10",0
"12450_1",0
"10506_10",1
"148_9",1
"1295_1",0
"7131_1",0
"3435_1",0
"7798_10",1
"6748_8",1
"2639_7",1
"2392_8",0
"8333_9",1
"6678_2",1
"5527_2",1
"6508_7",1
"5642_1",0
"9565_8",1
"11963_3",0
"10786_10",1
"6098_10",1
"6669_1",1
"5932_10",1
"7701_4",0
"6113_8",1
"8415_7",0
"3071_9",1
"6348_2",0
"3466_7",1
"5578_10",1
"10860_4",1
"12059_3",0
"11640_4",0
"8522_2",1
"4617_10",1
"8020_3",0
"11634_9",1
"1924_10",1
"11487_10",1
"1103_10",1
"10688_1",0
"5698_8",0
"3467_1",0
"4851_7",1
"1263_8",1
"3661_10",1
"8861_9",1
"3423_7",1
"8592_1",1
"246_7",1
"7093_10",0
"1849_1",0
"2813_8",1
"4190_10",1
"10637_2",1
"11593_10",1
"11334_10",1
"5751_1",0
"6323_7",1
"6173_1",0
"4936_1",0
"9647_2",1
"11058_1",0
"10137_7",1
"745_1",0
"1781_10",1
"7567_10",1
"7272_10",0
"11257_7",1
"7973_1",0
"4348_2",0
"1545_10",1
"11947_4",1
"1895_10",1
"10839_2",1
"4385_9",1
"4748_2",0
"6336_4",1
"6131_10",1
"7626_3",0
"12358_7",0
"7928_4",0
"5962_7",1
"9795_7",1
"929_1",0
"5048_2",0
"3316_2",0
"8422_2",0
"1853_8",1
"1004_7",0
"2327_10",1
"10141_2",0
"11852_1",0
"5791_1",0
"12097_7",1
"10346_4",0
"1095_3",0
"11098_1",0
"8508_7",1
"4769_2",0
"683_4",1
"7730_7",0
"137_7",0
"8424_9",1
"6198_1",1
"11502_10",1
"11152_1",0
"11602_8",0
"5898_8",1
"10536_10",0
"934_4",0
"10341_1",0
"8443_4",1
"7421_7",1
"2850_9",1
"11222_8",1
"9656_3",0
"5631_8",0
"1602_2",1
"8475_3",0
"7583_7",0
"11420_9",1
"5357_1",0
"9673_7",0
"1107_10",1
"9630_10",0
"10724_8",1
"6085_3",1
"3323_9",1
"7066_8",1
"2484_10",1
"2495_4",0
"1894_4",0
"2659_1",0
"11826_4",1
"2119_10",1
"433_10",1
"7223_3",0
"10219_2",0
"12310_2",0
"6311_3",0
"6356_8",0
"1688_1",1
"9389_4",0
"7010_10",1
"10963_7",0
"3006_9",1
"2184_7",1
"9240_10",0
"2031_1",0
"5647_10",1
"11309_3",0
"12098_4",0
"10832_2",0
"6421_1",0
"5779_3",0
"6800_1",0
"7655_1",0
"7438_1",0
"9707_10",1
"10483_8",1
"10577_10",1
"8392_8",1
"4160_9",1
"10520_9",1
"11474_1",0
"1063_10",1
"7277_7",1
"9479_2",0
"12277_3",0
"10511_7",1
"1409_8",0
"9716_10",1
"8311_1",0
"6675_1",0
"80_3",1
"3847_9",0
"4722_1",1
"120_1",0
"7724_1",0
"4889_3",0
"4535_7",1
"876_4",0
"3028_7",1
"3718_1",0
"6960_1",1
"5825_9",1
"4077_1",0
"6270_8",0
"9553_9",1
"7624_4",1
"11524_7",1
"3533_10",1
"11047_9",1
"8478_8",1
"461_8",0
"11976_1",0
"8783_9",1
"12285_4",0
"11684_8",1
"10479_10",1
"5788_1",0
"8648_1",0
"6814_4",0
"7720_8",1
"2325_8",1
"7561_2",0
"6759_7",1
"157_9",1
"10018_3",0
"1286_8",1
"6395_9",1
"4846_3",0
"12241_10",0
"1030_2",0
"4557_2",0
"3575_1",0
"10623_8",1
"2802_10",1
"4536_1",1
"1161_8",0
"7925_1",0
"10457_8",1
"1827_10",1
"8071_3",0
"11238_1",0
"10579_10",1
"10333_1",0
"5911_4",0
"7308_8",1
"2096_10",1
"1711_8",1
"10750_8",1
"8940_9",1
"296_10",1
"2447_10",1
"7267_7",1
"4460_1",0
"9793_7",1
"1344_1",0
"2212_2",0
"3702_9",1
"467_7",1
"7752_8",1
"11878_1",0
"5166_1",0
"10230_9",0
"6022_1",0
"10361_7",0
"11206_10",1
"11486_4",0
"427_4",0
"9347_3",0
"1322_1",0
"6269_1",0
"10123_10",1
"2143_4",1
"9900_10",0
"9728_7",1
"5574_10",1
"253_3",1
"8954_4",0
"919_8",1
"205_8",1
"4004_9",1
"2390_7",1
"12121_4",1
"850_1",0
"8604_10",1
"7469_10",1
"7332_7",1
"11602_1",0
"7400_9",1
"4544_10",1
"3021_1",0
"960_1",0
"10668_7",1
"12008_8",1
"73_1",0
"2578_10",1
"3190_1",0
"12016_1",0
"12499_7",0
"8886_10",1
"11552_9",1
"7106_8",1
"12125_1",0
"11683_3",0
"8642_8",0
"2249_2",1
"5172_9",1
"7265_1",0
"9099_10",0
"5705_3",0
"2156_1",0
"8138_2",0
"2850_2",1
"739_1",0
"1181_9",1
"5751_10",1
"7207_1",0
"10150_3",0
"11506_8",1
"11606_10",1
"10539_4",0
"10799_7",1
"4119_8",1
"5906_1",0
"8129_9",1
"10824_2",1
"3038_4",1
"9525_8",1
"11705_3",0
"7975_3",1
"8268_1",0
"8448_3",0
"11204_9",1
"5508_2",0
"10982_10",1
"2972_1",0
"8241_2",0
"6746_8",1
"7762_8",1
"3521_9",1
"9410_1",1
"10323_1",1
"8361_4",1
"2690_9",1
"1911_3",0
"6731_10",1
"9493_2",0
"9172_1",0
"4733_9",1
"5610_7",1
"5187_7",1
"497_10",1
"2086_10",1
"10869_1",1
"8040_9",1
"8018_1",0
"558_3",0
"11586_9",0
"1804_10",1
"10776_4",1
"3584_4",0
"967_3",0
"11407_7",1
"2145_1",0
"8155_1",0
"104_3",0
"5958_4",0
"4282_10",1
"3338_1",0
"9407_8",1
"8891_3",1
"7959_4",0
"7419_10",1
"3115_2",0
"2138_9",0
"4110_10",1
"10585_9",1
"1898_2",0
"2298_1",0
"11123_10",1
"11201_1",0
"10537_10",1
"9018_8",1
"1569_10",1
"519_1",0
"8652_1",1
"3586_4",0
"384_8",1
"4163_3",0
"2624_1",0
"10308_1",0
"10849_1",0
"4569_7",1
"761_1",0
"4574_10",1
"9215_7",0
"2908_3",1
"1912_4",1
"9939_1",0
"9138_1",0
"8651_9",0
"10912_3",0
"5342_10",1
"6306_2",0
"5619_9",0
"1249_2",1
"2975_7",1
"2964_8",0
"3801_1",0
"2846_3",0
"4597_1",0
"10322_2",0
"8520_8",0
"5621_4",0
"8943_4",1
"9364_9",1
"1322_8",1
"10290_8",1
"11682_7",1
"10501_10",1
"2002_7",0
"9983_7",1
"3782_8",1
"10616_7",1
"8677_9",0
"2700_10",1
"11379_3",1
"1594_1",1
"7923_1",0
"4664_8",1
"2776_2",0
"12373_2",0
"8901_8",0
"1409_4",0
"10578_1",0
"318_10",1
"5701_1",0
"354_9",1
"8076_7",1
"11857_10",1
"7889_10",1
"10412_1",0
"527_4",1
"3524_1",0
"12358_1",0
"2302_1",0
"8263_4",1
"4217_9",1
"1064_10",1
"3390_4",1
"12372_3",0
"6907_8",1
"7134_1",0
"608_8",1
"2723_7",1
"7931_3",0
"10079_8",1
"3900_10",1
"1379_8",1
"2343_4",1
"12177_7",1
"9420_8",1
"1203_8",0
"11435_10",1
"9823_2",0
"10347_4",1
"11872_1",0
"7988_10",0
"8045_8",1
"3338_7",1
"12115_10",1
"10229_3",0
"11597_10",1
"2003_4",1
"4691_10",1
"7644_7",1
"10005_3",0
"5991_8",0
"4256_8",1
"9483_1",0
"9573_1",0
"7503_4",0
"8606_10",1
"3963_7",1
"3845_4",1
"1012_10",1
"8650_2",0
"1775_4",0
"7758_7",0
"8613_7",1
"4939_1",1
"6646_10",1
"10050_10",1
"12048_10",1
"12232_1",0
"2151_1",0
"3271_1",0
"5408_7",1
"471_7",1
"1436_3",0
"134_2",0
"1729_8",1
"11882_1",0
"2029_3",0
"3608_9",1
"9275_1",0
"76_7",0
"7999_10",0
"2442_10",0
"8607_9",1
"2870_1",0
"10888_8",1
"3574_10",1
"10164_7",1
"7615_1",0
"7933_10",1
"11745_1",0
"75_1",0
"1_7",1
"7539_10",1
"4100_3",1
"9873_1",0
"1059_2",0
"7600_1",0
"9922_4",0
"9639_4",1
"8765_10",1
"2915_1",0
"2304_1",1
"9076_8",1
"249_3",0
"10729_1",0
"7074_7",1
"5989_1",0
"3748_1",0
"5435_1",0
"9898_10",0
"6643_4",0
"8187_2",1
"1486_4",1
"9908_8",0
"6070_4",1
"10565_3",0
"5944_1",0
"10068_4",1
"9829_7",0
"6073_1",0
"10029_10",1
"3684_1",0
"6056_2",0
"2849_7",1
"11202_10",1
"11433_8",1
"3112_7",0
"11382_8",1
"1926_3",0
"8343_7",1
"10357_1",0
"3986_1",0
"10485_1",0
"3152_2",0
"7909_10",1
"1586_7",1
"1188_8",1
"8706_2",0
"1819_9",1
"3448_7",1
"9929_2",0
"3650_2",1
"11514_7",0
"5664_2",0
"3234_9",1
"9694_9",1
"2951_1",0
"8847_1",0
"2671_7",1
"322_1",0
"2595_3",0
"7224_3",0
"7974_3",0
"2196_4",0
"11110_3",0
"1403_1",0
"1090_1",0
"2516_9",1
"9766_3",0
"8044_4",0
"10697_4",1
"8717_2",0
"12428_8",0
"7670_1",0
"5296_10",1
"12435_3",0
"3926_2",0
"2350_9",1
"1338_3",1
"1158_4",0
"11623_2",1
"7357_1",0
"142_3",0
"3863_1",0
"9176_1",0
"11273_1",0
"5786_2",0
"9663_10",1
"875_10",0
"9133_9",1
"860_1",1
"7624_7",1
"10529_10",1
"11747_8",1
"10548_7",1
"7914_2",0
"7220_7",1
"4822_2",0
"5314_10",1
"5923_4",1
"7750_8",1
"1165_3",0
"3867_3",0
"4344_1",0
"1168_4",0
"3484_10",1
"227_10",1
"11620_4",0
"564_1",1
"4413_8",1
"4940_1",1
"4063_8",1
"7999_1",0
"8286_1",1
"3109_4",1
"113_10",1
"7535_1",1
"8464_10",1
"3848_8",1
"556_9",1
"1042_10",1
"2027_4",0
"10020_8",0
"5572_4",0
"3296_1",0
"604_8",1
"11610_10",1
"6196_8",1
"4534_2",0
"8204_8",1
"9428_2",0
"8346_9",1
"4303_1",0
"8566_10",1
"5287_1",0
"2714_4",0
"5863_1",1
"3486_2",0
"359_8",0
"1381_7",1
"10231_10",0
"11629_10",0
"1298_7",1
"546_2",0
"9570_2",0
"7156_1",0
"10761_10",1
"4523_10",1
"1799_3",0
"8278_10",0
"8653_1",0
"1026_9",1
"9949_2",0
"9749_9",1
"3407_2",0
"1209_1",0
"11380_1",1
"6059_1",1
"5329_1",0
"2606_8",1
"5045_1",0
"6678_7",0
"8509_2",0
"4862_1",0
"675_3",1
"9131_9",1
"9003_10",1
"1847_10",1
"11691_4",0
"8444_1",0
"7253_10",1
"909_1",0
"3185_3",0
"8097_4",0
"7834_8",1
"1533_4",1
"8904_7",1
"5479_3",0
"10193_9",1
"7217_7",1
"3194_9",1
"9344_8",0
"4074_10",1
"2371_8",0
"4645_9",1
"10400_1",0
"6192_1",0
"12192_4",0
"1223_7",0
"6549_1",0
"445_10",1
"1853_1",0
"10141_9",0
"6478_10",1
"2669_1",0
"258_7",1
"7121_1",0
"3351_8",1
"2075_8",0
"4798_4",0
"8652_8",0
"2341_4",0
"4899_10",1
"7355_10",0
"2529_2",0
"95_3",0
"12476_3",0
"4592_1",0
"10343_3",1
"5068_9",1
"9173_10",0
"10798_8",1
"2991_4",1
"7970_1",0
"12395_8",1
"9651_3",0
"1244_8",1
"630_2",0
"11769_7",1
"10766_4",1
"1139_1",1
"4099_8",0
"11926_10",1
"10885_7",0
"1970_4",0
"9198_8",0
"5593_2",0
"5229_1",0
"5741_1",0
"1439_7",1
"5563_8",0
"9613_1",0
"11697_10",0
"9713_10",1
"3864_4",1
"9731_8",1
"3515_7",0
"7628_8",1
"2627_9",1
"4879_3",0
"1910_9",1
"7864_8",1
"3502_3",0
"6354_1",1
"6362_4",0
"1555_8",1
"8817_8",1
"6586_2",0
"10435_2",0
"10124_1",0
"10732_8",0
"7595_1",0
"12455_4",0
"2368_3",0
"1239_8",0
"4877_9",1
"5252_9",0
"4350_2",0
"8773_1",0
"11952_8",1
"3043_8",1
"452_3",0
"10721_9",1
"3014_4",1
"59_3",1
"7739_10",1
"10188_2",0
"12459_1",0
"8962_2",0
"8343_1",0
"8795_2",0
"9879_8",1
"7160_1",0
"5856_3",0
"10876_1",0
"4207_4",0
"5464_7",1
"5681_3",0
"9733_3",0
"8452_7",1
"4259_9",1
"2775_1",0
"6172_4",0
"931_10",1
"1426_8",1
"3477_10",1
"4326_2",0
"5918_1",1
"6303_8",1
"8349_10",1
"3371_8",1
"2704_1",0
"8861_1",0
"5176_1",0
"4964_2",0
"4821_10",1
"2018_9",1
"1843_9",1
"6859_1",0
"5464_2",1
"6706_8",1
"3182_1",0
"1367_1",0
"4234_4",0
"7691_9",1
"216_4",1
"10732_3",1
"1302_2",0
"12179_2",0
"2194_10",1
"2867_10",1
"3471_3",1
"1384_2",0
"6877_1",0
"4690_9",1
"4373_1",0
"10025_1",0
"5001_1",0
"7061_1",0
"10199_4",0
"1637_4",0
"5217_4",0
"9569_9",1
"1104_8",0
"2245_4",1
"1437_8",1
"3025_7",1
"3683_1",0
"7040_1",0
"2184_1",0
"10660_10",0
"3247_3",0
"8498_9",1
"7821_1",0
"8856_8",1
"3111_7",0
"1258_3",0
"11904_1",1
"10713_1",0
"2483_7",1
"959_4",0
"317_10",0
"10824_10",1
"5790_7",0
"5836_2",0
"12259_1",0
"869_7",1
"9982_9",1
"4783_4",0
"79_4",0
"9251_3",1
"5869_1",1
"10387_7",0
"1915_10",1
"2510_10",1
"8789_10",1
"11349_4",0
"11296_8",1
"5305_4",0
"11518_8",0
"12432_1",0
"3621_8",1
"1179_2",0
"10396_1",1
"4472_1",0
"9034_10",1
"9738_8",1
"3892_10",0
"2681_3",0
"2721_9",1
"5588_3",1
"3071_4",0
"11553_9",0
"1315_10",0
"3787_10",1
"8196_1",1
"9486_4",0
"1597_8",1
"2148_1",1
"9601_10",1
"4176_10",0
"9839_1",0
"11704_3",1
"11834_1",0
"4755_4",0
"5463_1",1
"827_4",0
"10925_1",0
"3758_3",0
"5763_1",1
"2687_10",0
"3820_2",0
"5819_4",1
"8099_7",1
"1280_10",1
"2236_1",0
"414_2",0
"3853_9",1
"11965_8",1
"2030_9",1
"1117_10",1
"195_8",1
"8056_8",1
"9535_10",1
"11731_4",1
"3670_10",0
"8034_10",1
"7833_8",1
"8510_1",0
"8460_7",0
"5727_1",0
"9620_2",0
"823_4",1
"3165_10",1
"10307_8",0
"6909_1",0
"6054_9",1
"7180_9",1
"8863_2",0
"7817_1",0
"2803_2",0
"4971_1",0
"7780_8",1
"1398_7",1
"4236_3",0
"3583_1",0
"11766_1",0
"9797_1",0
"4619_7",1
"6466_1",0
"9350_10",1
"2655_10",1
"3363_1",0
"5483_10",0
"5645_10",0
"1371_8",1
"11528_7",1
"6825_10",1
"10334_3",0
"4496_8",1
"1902_4",0
"4905_10",1
"5218_7",1
"9751_3",0
"4064_2",0
"2026_8",1
"8358_9",1
"5301_8",1
"1091_2",0
"5515_3",1
"5004_9",0
"2980_7",1
"3636_1",1
"4161_1",0
"7474_9",1
"5230_10",0
"6075_10",1
"4659_1",0
"7414_8",1
"1863_10",1
"11266_10",1
"7194_1",1
"7001_10",1
"8330_7",1
"8307_1",0
"10909_1",0
"6155_4",0
"10265_2",0
"8383_7",0
"9188_10",1
"7125_10",1
"965_10",1
"10967_4",0
"4924_1",0
"6312_7",1
"5134_10",0
"3612_1",0
"7489_1",0
"2069_9",0
"11014_10",1
"2123_3",1
"7778_1",0
"8608_9",0
"8277_10",0
"7706_4",0
"9000_2",0
"8312_4",1
"2490_3",0
"7787_10",1
"8518_2",0
"8756_9",1
"6402_1",1
"5577_1",0
"5118_1",0
"11308_9",0
"6068_4",1
"9412_3",1
"10608_2",1
"3377_2",1
"681_9",1
"2057_10",0
"7405_10",1
"9737_4",0
"1485_2",0
"12403_4",0
"7378_8",1
"9462_1",0
"7663_1",1
"8061_2",0
"6681_10",1
"11470_3",0
"4728_1",0
"3291_1",0
"10338_2",0
"11068_4",0
"4974_2",0
"586_10",1
"4552_9",1
"10735_4",0
"6537_7",1
"7916_8",0
"7899_10",0
"664_2",1
"12178_7",0
"423_10",1
"6350_8",1
"1246_8",1
"1635_7",0
"9534_10",1
"1524_7",1
"825_10",1
"7799_1",0
"6663_10",1
"4355_1",0
"7211_10",1
"3379_7",1
"2299_1",0
"6464_9",1
"10429_1",0
"8844_10",1
"5538_4",1
"4820_3",0
"6407_10",1
"6770_10",0
"5253_10",0
"12217_10",0
"12109_4",1
"6689_8",1
"1559_7",1
"3123_2",0
"10419_10",0
"9378_9",0
"2266_8",1
"10730_10",0
"4441_7",1
"5440_10",1
"6280_7",0
"8070_3",0
"10104_1",0
"11017_4",0
"4453_10",0
"4648_9",0
"7891_8",1
"4198_1",1
"10196_1",1
"2390_1",0
"3747_10",1
"4339_2",0
"6450_10",1
"4513_1",1
"2784_1",0
"2313_4",1
"5681_8",1
"1964_7",1
"8588_7",0
"11397_10",1
"885_8",1
"10711_4",0
"11851_1",0
"9966_10",0
"6199_1",0
"447_10",1
"7353_7",1
"2810_10",1
"223_9",1
"9689_9",1
"6760_9",1
"4764_10",0
"660_9",1
"2047_1",0
"6031_3",1
"6968_3",0
"3790_10",1
"824_3",0
"7034_2",0
"7652_3",1
"6228_7",1
"5135_3",0
"9597_3",0
"6481_4",1
"9003_1",0
"10140_3",0
"9727_7",0
"7226_8",1
"5304_2",1
"5416_9",1
"2025_1",0
"12268_1",0
"2000_10",1
"9030_1",0
"9784_3",0
"7013_3",1
"9429_9",1
"7763_3",0
"5982_9",0
"8563_10",1
"10553_8",1
"11772_10",1
"10221_8",1
"11240_7",0
"12393_8",1
"10372_7",1
"10646_4",1
"10901_10",1
"11356_3",0
"12297_1",0
"12096_8",1
"10033_1",1
"7871_2",0
"1641_10",1
"2227_7",1
"7099_4",0
"8394_10",1
"4332_10",1
"4150_2",0
"6330_1",0
"11515_1",0
"8048_4",0
"386_4",1
"1524_1",0
"3159_9",1
"6470_10",1
"5438_3",1
"8364_2",0
"9991_10",1
"7059_3",0
"1536_7",1
"1520_7",1
"6013_1",0
"8126_3",0
"10260_1",0
"11908_8",1
"8192_10",1
"10951_1",0
"9287_1",0
"2291_7",1
"741_1",0
"3398_10",1
"6965_7",1
"1350_1",1
"7419_1",0
"9125_10",0
"636_4",1
"10845_10",1
"9978_1",0
"3522_2",0
"409_2",0
"8678_4",0
"5799_10",1
"3850_2",0
"4231_7",1
"6017_8",1
"11238_7",1
"1228_9",1
"5878_4",1
"7459_10",0
"6203_1",0
"11197_1",0
"3072_4",0
"5260_1",0
"2422_9",0
"4637_4",1
"7029_3",0
"4755_7",1
"5470_3",0
"3472_1",0
"9918_10",0
"5720_3",0
"7651_1",0
"4853_1",0
"11567_2",0
"9937_10",1
"1805_10",1
"86_10",1
"86_4",0
"3382_1",1
"9279_1",0
"8325_9",1
"8451_4",0
"7222_8",0
"3386_2",1
"2764_1",0
"2408_8",1
"3464_10",1
"11590_3",1
"2485_10",1
"1663_9",1
"5411_10",1
"5658_10",1
"8986_1",0
"9374_9",1
"1593_4",1
"3525_7",0
"10877_10",0
"11993_9",1
"1783_8",1
"1770_1",0
"11926_1",0
"1057_9",0
"1732_10",1
"9022_3",1
"1096_9",1
"1099_4",0
"4083_10",1
"11902_9",1
"7278_7",1
"7620_1",0
"699_8",1
"2946_1",0
"12047_1",0
"9485_3",0
"2480_2",1
"1504_3",1
"568_1",0
"2927_1",0
"7930_7",0
"8514_1",0
"11368_1",0
"6979_3",1
"9771_10",1
"12321_4",0
"5279_8",1
"5202_2",0
"3375_3",0
"5976_7",0
"10975_3",0
"7226_3",1
"7037_10",1
"12346_10",1
"6612_1",1
"6400_9",1
"10448_10",1
"1072_10",1
"2719_10",0
"3439_3",0
"8177_8",0
"3313_2",0
"3805_8",1
"11962_4",0
"10282_2",1
"9469_1",1
"5049_9",1
"6781_10",1
"10671_1",0
"11915_10",1
"71_10",0
"12038_4",0
"12056_4",0
"1553_10",1
"11809_10",1
"3955_1",0
"11970_4",0
"12291_10",1
"2797_1",0
"3763_3",0
"2457_2",1
"10659_2",1
"5232_2",0
"6754_8",1
"4453_3",0
"12071_1",0
"11861_4",0
"1348_3",0
"5523_1",0
"2409_9",1
"6688_3",1
"4937_2",0
"4799_10",1
"6681_1",1
"1977_1",0
"8495_3",0
"1868_10",0
"9182_1",0
"5798_4",1
"794_8",1
"612_10",1
"10307_2",0
"2044_8",0
"8037_1",0
"4186_1",0
"6366_3",0
"8035_7",0
"3580_10",1
"10743_2",0
"7326_3",0
"9541_1",0
"4877_2",0
"8849_9",0
"6527_8",1
"3361_4",0
"3128_9",1
"5380_7",1
"3673_8",1
"10022_7",0
"4392_3",1
"10329_8",1
"10356_2",0
"6338_1",0
"4407_8",1
"6733_10",1
"114_10",0
"3293_10",1
"12088_2",1
"261_4",0
"1874_10",1
"11808_9",1
"11248_10",1
"3153_10",1
"7495_7",1
"11195_1",0
"9598_10",1
"8441_10",1
"3884_1",0
"8133_7",0
"6049_8",1
"2298_7",1
"1956_8",1
"7731_4",0
"10288_10",1
"6667_4",0
"5889_1",0
"694_2",0
"4389_2",0
"5972_3",0
"6058_1",0
"1703_8",1
"1172_3",0
"12155_7",1
"8937_9",1
"9855_2",1
"11889_7",1
"5210_2",0
"11862_10",1
"4079_4",0
"679_3",0
"6614_9",1
"7956_10",0
"12216_4",0
"4785_10",0
"12057_1",0
"3774_3",1
"6597_9",1
"12441_9",0
"6644_8",1
"4420_1",1
"7163_3",0
"3229_7",1
"3766_3",0
"5069_2",1
"8762_8",1
"1254_7",1
"3194_1",0
"12320_8",1
"7729_7",1
"3992_2",0
"8657_9",1
"10002_1",0
"7528_10",1
"8930_9",1
"7542_10",0
"5613_9",1
"6685_10",1
"12316_10",1
"12147_1",0
"3419_1",0
"3747_2",0
"7588_1",0
"6381_1",0
"5941_1",1
"6197_10",1
"3735_4",0
"1920_4",1
"11470_10",1
"10747_10",1
"1702_1",0
"5192_3",0
"2098_3",0
"2333_10",1
"10931_7",1
"137_4",0
"924_4",1
"6114_1",0
"4546_2",0
"2345_4",0
"4667_1",0
"1647_1",0
"6287_4",0
"4047_1",0
"11600_7",1
"12396_7",1
"12272_1",0
"5305_7",1
"10533_10",1
"6309_3",0
"8832_2",0
"3226_1",0
"6509_4",1
"11007_1",0
"10671_10",1
"9398_4",1
"11288_8",0
"5544_7",1
"6531_8",0
"2705_10",0
"11341_4",0
"3975_3",1
"8412_7",0
"10846_9",1
"8114_3",0
"10328_4",0
"9409_8",1
"8975_10",1
"723_8",1
"5385_1",0
"6414_8",1
"11336_7",0
"10417_1",0
"9950_2",0
"3737_9",0
"5122_9",1
"1141_3",1
"8493_10",1
"11560_9",0
"1879_10",1
"610_9",1
"2225_4",1
"5487_4",0
"6568_4",1
"3073_8",1
"484_8",1
"5957_9",0
"245_9",1
"10549_9",1
"9821_8",0
"4908_3",1
"12095_8",1
"210_4",1
"1054_3",1
"7432_10",1
"3795_1",0
"8265_4",1
"4288_9",1
"9848_7",1
"5493_3",1
"4527_2",1
"6562_10",1
"729_10",0
"6375_8",1
"8879_7",0
"9812_7",1
"10634_1",1
"8968_8",1
"4705_1",0
"298_8",1
"5205_7",0
"281_1",0
"1210_8",1
"12005_10",1
"9077_1",0
"276_10",1
"3772_2",1
"4719_10",1
"8378_1",0
"2036_7",0
"1079_3",0
"8577_3",1
"11668_3",1
"7916_4",1
"10169_2",0
"2448_4",0
"9894_2",0
"2629_4",1
"9589_4",0
"9174_9",1
"10677_8",1
"10031_10",0
"11151_3",0
"10886_10",0
"3365_9",1
"662_3",0
"7523_7",1
"7901_7",1
"5548_7",1
"8413_8",1
"2230_1",0
"7155_3",0
"5252_1",0
"10647_8",0
"303_10",1
"1736_10",1
"11063_3",1
"12193_10",1
"10177_9",1
"4986_2",0
"881_8",1
"12390_8",1
"10411_9",1
"11946_9",1
"4873_1",0
"10774_2",1
"3496_1",0
"1021_10",1
"5796_3",0
"10718_4",1
"1142_3",0
"9395_2",0
"9265_9",1
"10352_4",0
"10801_1",0
"7430_10",1
"11604_1",0
"5170_9",1
"10974_10",1
"9159_1",1
"883_1",0
"7802_1",0
"12201_3",1
"8496_7",0
"11255_10",1
"6109_1",0
"9249_9",1
"1383_3",0
"3659_9",1
"9543_4",0
"4106_7",1
"6397_8",1
"12166_10",1
"1676_4",0
"8235_7",1
"923_9",1
"9360_1",0
"7428_10",1
"438_9",1
"6749_9",1
"907_1",0
"11652_10",1
"9730_1",0
"7464_10",0
"4448_4",0
"3099_1",0
"8768_8",1
"9387_9",0
"10054_1",0
"9814_1",0
"7632_10",0
"179_8",1
"512_1",0
"1592_9",1
"4785_2",0
"7104_7",1
"2041_7",0
"7381_8",0
"7326_10",1
"3507_1",0
"4275_1",0
"1413_7",1
"4123_7",1
"7225_10",1
"2831_7",1
"2241_4",0
"8026_2",1
"7351_10",1
"4688_3",0
"533_10",1
"2596_10",1
"7070_2",0
"11990_1",0
"4934_4",0
"10234_10",1
"5223_7",1
"5833_1",0
"12235_7",0
"1684_10",0
"11894_3",0
"11987_7",1
"11019_4",1
"5089_1",0
"9439_3",0
"11387_4",1
"3892_2",0
"10917_8",0
"4469_9",1
"6120_9",1
"7433_4",0
"8402_10",1
"11479_3",0
"6750_1",0
"2494_1",0
"23_7",1
"5834_4",1
"4357_3",0
"1222_10",1
"10923_9",1
"6927_2",0
"7736_2",0
"7416_9",1
"4027_10",1
"536_10",1
"9475_9",1
"1145_1",0
"9104_10",1
"1799_7",1
"2265_7",1
"10395_8",1
"3877_8",1
"9924_2",1
"7895_10",1
"7668_1",0
"10377_9",1
"2708_7",0
"236_1",0
"11637_8",0
"4862_7",0
"8176_8",1
"1488_10",1
"8834_4",1
"10324_9",1
"11510_10",1
"5650_10",0
"3956_1",0
"5540_2",1
"7954_7",1
"8069_8",1
"6357_9",1
"9974_3",0
"6057_1",0
"1252_4",0
"8988_1",0
"7603_2",0
"2903_1",0
"4694_1",0
"11638_4",1
"11131_9",1
"8484_10",1
"9856_8",0
"8954_8",1
"5124_1",1
"2262_1",0
"12411_7",1
"1674_8",1
"8931_4",0
"6598_1",0
"4179_10",0
"4187_7",1
"4901_4",0
"3813_1",0
"7875_7",1
"3105_8",1
"4199_3",0
"6571_10",1
"11643_7",0
"335_4",0
"4620_1",0
"11195_7",1
"11425_8",1
"10721_3",1
"4370_3",0
"11577_8",1
"11233_2",0
"742_1",0
"9593_10",1
"3248_4",0
"1839_1",0
"5795_4",0
"5887_7",1
"2512_10",1
"7897_1",0
"10709_1",0
"5658_4",1
"8152_2",1
"11782_1",0
"1239_1",0
"627_8",1
"1475_4",0
"2830_9",0
"9776_3",1
"6975_3",0
"9069_7",1
"3496_8",1
"6704_9",1
"4734_2",0
"9987_9",1
"300_9",1
"6536_7",1
"5015_7",0
"11660_7",1
"2916_1",0
"4975_8",1
"12259_7",1
"2350_1",0
"9832_3",1
"4816_4",1
"7643_7",1
"7845_2",0
"9853_8",0
"4081_1",1
"6302_8",0
"7590_3",0
"10546_1",0
"645_2",0
"8019_1",0
"3461_2",0
"5938_2",0
"1070_8",1
"8908_10",0
"2829_10",1
"3264_1",0
"8596_7",1
"6503_3",1
"3140_7",0
"8248_9",1
"11630_8",0
"3125_10",1
"3023_7",1
"10022_4",0
"10792_9",1
"6457_4",0
"6115_10",0
"8579_2",0
"10276_10",1
"11797_1",0
"8379_10",0
"9752_1",0
"5821_4",0
"2561_7",1
"6185_8",0
"3723_8",1
"3363_10",1
"7322_10",0
"11697_4",1
"6758_4",0
"9536_4",0
"7148_10",1
"502_10",1
"6715_4",0
"1251_9",1
"6395_3",0
"1169_4",0
"9686_1",0
"26_3",0
"9315_7",1
"10891_7",1
"5541_2",0
"3575_10",1
"3660_10",1
"7771_9",1
"3490_3",0
"6494_10",1
"7346_1",0
"7501_2",0
"9318_9",1
"6823_10",0
"9277_9",1
"615_10",1
"183_8",1
"11107_10",1
"10401_2",0
"11930_10",1
"8207_3",0
"4021_7",1
"5140_4",1
"2058_1",0
"9531_7",1
"3529_2",1
"8725_10",1
"3283_8",1
"6747_8",1
"5058_10",0
"6750_8",1
"8003_8",1
"8141_1",0
"63_10",1
"11378_8",1
"740_7",1
"8513_9",0
"7694_10",1
"8142_2",0
"7428_1",0
"11117_10",1
"2239_4",0
"7215_1",0
"8633_4",0
"10378_2",0
"5327_1",0
"1542_4",0
"11523_2",0
"2040_1",0
"6505_10",0
"4632_10",1
"7413_9",1
"2069_1",1
"5607_1",0
"1692_1",0
"10364_4",0
"6148_10",1
"7080_10",1
"4858_8",1
"6738_1",0
"1525_9",0
"861_2",1
"10946_1",0
"8366_10",1
"2430_3",1
"8778_3",0
"2930_10",1
"8231_2",0
"10632_10",1
"8023_7",1
"6211_8",0
"12157_9",1
"7759_10",1
"9006_7",1
"939_2",0
"3236_4",0
"2160_8",1
"11364_10",1
"10440_9",1
"1961_9",1
"1103_4",1
"8513_2",0
"11854_1",0
"328_1",0
"8626_1",0
"10804_1",0
"6855_10",1
"273_1",1
"680_1",0
"11387_8",1
"1942_2",0
"4706_1",0
"9862_1",0
"8359_8",1
"8072_10",0
"2750_1",0
"11807_2",0
"7536_1",0
"10082_4",1
"11124_10",1
"5363_1",0
"11082_10",1
"10319_1",0
"7571_3",0
"7359_4",0
"9219_10",1
"4721_8",0
"8190_4",0
"11483_10",0
"10089_7",0
"5711_3",0
"3108_8",0
"2503_10",1
"1283_1",0
"9680_8",1
"2346_4",1
"10498_10",1
"4538_7",0
"9885_4",1
"5671_9",1
"1725_2",0
"11598_4",0
"11612_10",1
"3394_10",0
"6575_8",1
"5073_7",1
"1208_9",0
"6255_1",1
"2559_1",0
"605_4",0
"3536_1",0
"8158_2",0
"3630_4",1
"7183_7",1
"8021_2",0
"11516_4",0
"11181_4",1
"9200_8",1
"6595_2",0
"4338_10",1
"7360_1",0
"6943_9",1
"181_2",0
"2648_8",1
"5846_10",0
"11304_7",1
"1623_10",0
"11308_3",0
"1151_9",1
"5090_4",1
"4303_10",1
"10308_8",0
"2320_10",1
"3463_1",0
"11975_1",0
"5901_4",1
"12106_10",1
"6311_10",1
"1262_8",1
"11219_3",0
"7602_10",1
"11787_2",1
"771_7",0
"1790_9",1
"10580_4",0
"4041_1",0
"10119_2",0
"5406_4",0
"4831_4",0
"2594_3",0
"7593_7",0
"11607_10",1
"12293_10",1
"6972_3",0
"10320_2",0
"366_9",1
"3210_3",0
"9526_2",0
"11384_2",1
"2670_10",1
"10727_7",1
"13_7",1
"1599_7",1
"1351_1",0
"11460_3",0
"10644_3",0
"845_1",0
"5510_1",0
"4857_7",1
"2629_9",1
"2467_10",1
"7757_9",1
"6873_1",0
"12288_4",0
"7754_2",0
"4191_1",0
"5466_1",1
"3531_7",1
"6182_7",1
"1010_10",1
"594_4",0
"10712_1",0
"3173_8",0
"7335_7",1
"12220_1",0
"3990_8",1
"8834_9",1
"3151_2",1
"1748_8",1
"3150_10",1
"4295_9",1
"9104_2",1
"9753_4",0
"7566_10",0
"6541_4",0
"10313_7",0
"1680_4",1
"3086_1",0
"12359_1",0
"6921_9",1
"8041_7",1
"5685_10",1
"8337_10",1
"4568_2",0
"6282_4",0
"8512_7",0
"962_8",1
"1999_9",1
"2265_1",0
"2710_7",1
"10134_7",0
"10711_10",1
"12070_7",1
"9146_9",1
"2468_10",1
"757_3",0
"9734_4",0
"11359_9",1
"5795_10",1
"3306_4",0
"5903_8",1
"6630_10",0
"5258_1",0
"5616_8",0
"6648_7",1
"2198_8",1
"8355_7",0
"3052_10",1
"10943_10",1
"11360_7",1
"9533_9",1
"1865_8",1
"3990_2",0
"4009_3",0
"3168_2",0
"6992_10",0
"4668_10",1
"4972_9",1
"5130_3",1
"11350_9",1
"2234_1",0
"1670_1",0
"5463_9",1
"9470_8",1
"6319_1",1
"299_1",0
"8567_10",1
"1122_1",0
"9404_1",0
"7522_8",1
"9401_10",1
"11272_1",0
"3089_9",1
"4565_3",0
"8592_7",0
"3003_9",1
"4739_3",1
"10819_10",1
"8212_2",1
"9258_10",1
"6160_10",1
"7915_8",1
"11373_2",1
"4435_1",0
"3631_7",0
"8810_9",1
"8371_10",1
"7672_1",0
"11019_10",1
"304_4",1
"11075_2",1
"11959_8",1
"4400_10",1
"374_2",0
"9460_1",1
"9981_7",1
"11454_10",1
"6666_7",1
"8550_3",0
"9238_4",1
"5228_1",0
"7988_1",0
"10803_3",0
"6738_7",1
"10597_9",1
"0_9",1
"3298_1",1
"8147_4",0
"11156_2",0
"12025_1",0
"4090_3",0
"5005_1",0
"3077_1",0
"8114_8",1
"9005_8",1
"697_2",0
"3405_1",0
"11972_1",1
"8549_3",0
"4421_8",1
"2454_10",1
"2538_4",0
"1944_8",1
"10093_7",1
"8965_8",1
"9377_1",1
"11440_1",1
"8139_10",0
"1792_10",1
"3762_3",0
"9316_3",0
"9621_8",0
"6608_1",0
"9706_10",1
"5392_10",1
"6105_10",0
"9259_10",1
"5196_4",0
"4859_1",0
"10794_10",1
"8999_8",0
"11520_3",0
"11523_7",1
"2412_1",0
"6294_2",0
"6331_3",0
"647_10",1
"11392_8",1
"5907_10",1
"1418_9",0
"10345_7",0
"176_7",1
"1930_4",0
"3992_8",1
"2322_10",1
"5199_1",0
"1296_10",1
"1048_8",1
"9198_1",0
"4594_10",1
"5659_9",1
"5859_9",1
"7755_9",1
"11031_8",1
"8867_1",0
"9496_10",1
"8356_10",1
"2818_4",0
"2479_10",1
"11357_10",1
"10776_8",1
"9992_3",0
"1080_9",0
"5952_9",1
"1570_2",1
"12129_4",0
"6589_10",1
"10015_8",1
"8272_3",0
"2387_2",0
"11969_10",1
"1486_7",1
"1954_10",1
"12456_3",0
"9587_10",1
"9724_7",0
"1177_9",1
"9131_3",0
"3652_10",0
"4684_1",0
"10905_3",0
"3470_8",1
"8584_4",0
"9657_3",0
"6337_1",0
"5039_3",1
"9452_9",0
"1156_9",0
"8682_3",0
"8933_4",0
"4316_1",0
"4471_4",0
"7580_1",0
"12496_8",0
"5555_10",1
"5812_9",1
"4615_1",0
"7046_7",0
"2098_10",1
"3213_1",0
"8120_3",1
"1869_2",0
"4087_2",0
"10029_1",0
"9160_8",1
"6476_4",0
"7818_9",1
"7580_7",1
"6527_1",0
"4760_1",1
"10170_8",0
"8535_2",0
"3841_9",0
"10045_1",1
"9735_1",0
"7631_4",0
"3402_2",0
"8385_1",0
"8098_3",0
"4330_10",1
"1903_1",0
"9070_7",1
"3318_9",1
"6417_7",1
"9336_9",1
"4685_4",0
"11076_4",0
"5143_1",0
"9399_7",0
"4482_2",0
"4819_7",1
"644_9",1
"7830_4",0
"6235_1",1
"7393_7",1
"3043_1",0
"9100_1",0
"3287_1",0
"1883_1",0
"11936_7",1
"7340_1",0
"5130_10",1
"334_4",0
"2385_1",0
"6843_4",0
"817_10",0
"1276_1",0
"755_10",0
"2498_7",0
"7535_10",1
"11467_2",0
"1220_9",1
"11635_1",0
"11579_10",1
"9848_3",0
"9790_9",1
"11861_10",1
"1592_3",1
"2248_1",0
"9622_3",1
"11839_9",1
"7666_7",0
"10129_7",1
"7092_8",1
"409_10",1
"9867_10",1
"4467_7",1
"6345_1",0
"3345_1",0
"7507_2",0
"9831_8",0
"3080_10",1
"11484_2",0
"9693_2",1
"5071_1",1
"11548_10",1
"3139_10",1
"10664_3",0
"2094_1",0
"166_7",0
"10159_7",1
"931_1",0
"12195_4",0
"4613_4",0
"11534_7",0
"7680_4",0
"10859_4",0
"12013_3",0
"3695_1",0
"8558_1",0
"584_3",1
"1887_2",0
"8204_4",0
"6445_10",1
"8385_10",0
"3099_10",1
"8557_7",1
"6138_8",1
"10510_7",0
"10478_3",0
"3006_3",0
"3019_8",1
"7651_8",1
"5781_2",0
"9240_4",0
"3742_1",0
"332_1",0
"8365_4",1
"4715_3",1
"7117_1",0
"3594_1",0
"3945_10",0
"11480_2",0
"936_1",1
"107_10",1
"2869_1",0
"9897_4",0
"6191_9",1
"11737_4",0
"10926_4",1
"4784_2",0
"6129_4",1
"1890_2",0
"1388_10",1
"6359_10",1
"8377_1",0
"6281_3",0
"921_7",1
"9508_8",1
"9971_1",0
"4057_1",1
"4336_4",0
"4158_10",1
"5673_9",1
"5039_10",1
"4451_1",0
"12452_8",1
"9935_1",0
"2791_10",1
"8219_1",0
"5600_4",0
"7051_4",0
"9210_10",1
"11227_9",1
"4927_8",1
"1487_9",1
"4910_1",0
"233_1",0
"11276_1",0
"4424_7",1
"11687_10",1
"7768_8",1
"3704_3",0
"3627_8",1
"3823_9",1
"3729_10",1
"3033_2",0
"5984_10",1
"4661_10",0
"12082_8",0
"6558_2",0
"10639_7",1
"12183_10",0
"3444_1",0
"4701_1",1
"4880_9",1
"10854_10",1
"11242_1",1
"4960_1",0
"6506_10",1
"12280_1",0
"7385_10",0
"11189_1",1
"801_8",1
"7315_10",1
"9459_1",0
"2497_1",0
"5592_2",0
"10351_8",1
"314_1",0
"11128_10",1
"7714_10",1
"4725_9",1
"11287_8",1
"4165_2",0
"5312_2",0
"2577_2",1
"10259_1",0
"8551_8",1
"8265_10",1
"4007_4",0
"1893_1",0
"10134_1",0
"9230_8",1
"11547_9",1
"5214_2",0
"7939_8",1
"2840_1",0
"4440_1",0
"10810_1",0
"3929_9",1
"3202_10",1
"8664_8",1
"5833_10",0
"8025_9",1
"163_4",0
"1176_4",0
"11866_1",0
"8423_4",0
"11297_7",0
"8612_3",0
"2830_3",0
"6455_3",0
"6122_8",0
"1972_1",1
"11871_4",0
"1933_4",1
"7140_1",1
"6288_7",1
"679_10",1
"6971_10",1
"7531_8",1
"5413_10",1
"986_10",0
"2498_1",0
"3210_8",0
"8248_1",0
"1209_10",0
"5070_1",0
"1175_9",0
"7844_10",1
"2120_8",1
"5673_1",0
"11422_1",1
"8057_1",0
"1112_1",0
"4600_10",1
"6112_1",1
"2528_10",1
"6026_3",0
"10742_9",0
"11549_7",1
"7108_9",0
"3446_1",0
"7526_3",1
"4809_10",1
"2715_8",1
"1547_1",0
"10273_2",0
"462_8",1
"784_10",0
"7871_9",1
"7089_1",0
"3364_10",1
"57_4",1
"274_2",0
"3949_8",1
"6740_8",1
"4556_2",0
"1382_8",1
"10205_2",0
"11776_9",1
"10014_2",0
"12494_1",0
"9527_10",1
"5598_8",0
"207_8",1
"4550_3",0
"4216_10",0
"9338_3",0
"7625_1",1
"7336_10",1
"11613_7",1
"7126_10",1
"129_3",1
"8647_7",1
"10160_4",1
"1891_3",1
"6066_2",0
"9669_1",0
"6269_10",0
"7883_1",0
"10674_1",0
"6296_1",0
"4205_1",1
"4653_2",0
"6918_10",0
"8506_1",0
"6511_1",0
"1038_7",0
"9393_1",0
"3312_8",1
"9415_4",0
"6411_1",0
"4261_9",1
"3817_1",0
"1580_7",1
"8830_8",0
"578_10",1
"9803_7",1
"5233_4",0
"8715_10",0
"608_3",0
"878_7",1
"2362_9",1
"853_1",0
"6364_1",1
"1016_4",0
"6226_10",1
"4570_10",1
"1716_1",0
"11310_10",1
"3056_1",0
"7438_10",1
"11750_10",1
"7692_2",0
"9025_9",1
"11491_8",1
"9940_9",1
"475_1",1
"3057_1",0
"11982_4",1
"910_10",1
"11419_10",1
"2725_2",1
"11958_2",0
"7816_9",1
"1005_3",1
"5755_1",0
"5506_2",1
"3232_1",0
"415_3",0
"3501_1",0
"3302_3",1
"7021_10",1
"2425_7",1
"5319_1",0
"693_10",0
"2566_8",1
"6857_4",0
"7869_2",0
"10642_2",0
"8227_1",0
"12051_2",0
"12026_8",1
"9591_10",1
"5889_7",1
"9324_4",0
"3898_10",1
"5623_10",1
"6635_10",1
"6139_10",1
"4202_10",1
"7737_10",1
"3542_8",1
"4976_10",1
"8270_1",0
"12067_1",0
"3325_1",0
"11559_4",0
"4339_10",1
"3302_10",1
"8225_1",0
"6446_10",1
"2227_1",1
"5826_10",1
"10369_1",0
"1750_4",0
"910_4",0
"8531_3",0
"2183_2",0
"8082_8",1
"9063_2",0
"344_2",0
"7337_10",1
"11557_8",0
"8511_1",0
"3506_1",0
"2866_9",1
"6102_3",0
"1940_3",0
"3770_10",1
"2316_3",1
"8981_7",1
"6876_1",0
"1277_1",0
"2121_10",1
"5135_10",1
"1226_1",0
"10113_10",1
"9989_2",0
"2583_2",0
"6871_4",0
"11818_10",1
"1666_8",1
"9422_1",0
"5602_3",1
"891_10",1
"4955_3",1
"8810_1",0
"3087_2",0
"2028_3",0
"9402_7",0
"8233_1",0
"6626_1",0
"4749_8",1
"12016_7",0
"1615_2",0
"6786_1",0
"11890_7",1
"5136_10",1
"10786_3",0
"11929_9",1
"4805_8",1
"4179_4",0
"2549_8",1
"8232_10",1
"1618_3",0
"6673_2",0
"2782_10",1
"9120_1",1
"5377_3",0
"5420_7",1
"11950_8",0
"7733_9",0
"9065_10",0
"2582_2",0
"9123_10",1
"11253_1",0
"4375_9",1
"9334_9",1
"6038_3",1
"12165_10",0
"4766_10",1
"1097_9",1
"6918_2",0
"2560_1",0
"1108_7",0
"6093_8",0
"10588_10",1
"9619_4",0
"1153_10",1
"4235_4",1
"6276_3",1
"11559_10",1
"6424_10",1
"12432_8",0
"10500_4",0
"2780_9",1
"342_1",0
"4177_4",1
"7395_2",1
"2128_8",1
"12075_7",1
"10792_1",0
"12443_9",1
"791_1",0
"7420_2",1
"2549_1",0
"8624_7",0
"11953_8",1
"11149_3",0
"2264_9",1
"1113_2",1
"3299_1",0
"7785_9",1
"163_10",1
"9509_9",1
"1445_2",0
"642_1",0
"2730_9",1
"8427_1",1
"2813_1",0
"12086_10",1
"5368_3",0
"7100_8",1
"11699_1",0
"5290_10",1
"4414_3",1
"12063_4",0
"6280_4",1
"6344_7",0
"4353_4",0
"10434_3",0
"7921_10",1
"2874_1",1
"1796_2",1
"5096_7",1
"5980_10",0
"8629_9",1
"3745_2",1
"4914_7",1
"9299_8",1
"1500_3",0
"1740_8",1
"12440_7",0
"11463_1",0
"1346_1",0
"3270_8",1
"7493_3",1
"3707_2",0
"9311_1",0
"4254_9",1
"4912_8",1
"375_2",1
"187_2",0
"2921_2",1
"4964_10",1
"4446_10",1
"3766_10",1
"9372_4",0
"3038_8",1
"8157_10",0
"11435_3",0
"10294_1",0
"11716_2",0
"6021_7",1
"12039_10",1
"2581_1",0
"6165_4",0
"4925_7",1
"6438_1",0
"8049_1",0
"8430_3",1
"5986_2",0
"2131_9",1
"8820_7",1
"271_10",1
"3617_2",0
"10496_4",0
"8083_7",1
"5090_10",1
"2037_8",1
"7081_8",1
"7812_1",0
"6561_10",1
"4840_7",1
"11094_9",1
"9326_10",1
"6463_8",1
"10156_10",1
"11647_8",1
"3657_1",0
"11108_10",1
"4034_2",0
"843_10",1
"1272_7",1
"7209_8",0
"1003_10",1
"4265_2",0
"5875_8",1
"4343_9",1
"9190_7",1
"10693_4",1
"8704_1",0
"4437_7",1
"6781_4",1
"1473_4",1
"3505_1",1
"5794_10",1
"8055_3",1
"11631_7",0
"10394_10",1
"3662_9",1
"8562_4",1
"12473_1",0
"1192_8",1
"1669_8",1
"3313_10",1
"5205_2",0
"2912_1",1
"1104_1",0
"1078_8",1
"11735_10",1
"12423_10",0
"8273_2",0
"2539_10",1
"5031_3",0
"2310_9",1
"7056_4",0
"308_1",0
"7877_4",1
"11569_8",1
"9433_3",0
"7284_1",0
"8862_3",0
"12406_2",0
"3585_9",1
"12498_10",1
"2646_10",1
"987_4",0
"7993_10",1
"6212_1",0
"712_1",0
"6355_8",1
"6771_7",1
"1033_4",1
"2181_10",1
"8039_1",0
"773_7",0
"11077_2",0
"11616_4",0
"2079_10",1
"655_10",1
"952_3",0
"7640_10",1
"10033_10",1
"9887_2",1
"4423_8",1
"1938_9",0
"6021_1",0
"6786_10",1
"3833_3",1
"6582_7",1
"10023_1",0
"8646_7",0
"10224_4",0
"2174_1",0
"9938_3",1
"880_4",0
"6236_8",1
"8091_9",1
"9348_7",1
"7607_8",1
"4082_10",1
"1020_2",0
"10770_1",0
"6109_8",1
"2867_1",0
"10179_9",1
"6304_1",0
"11117_3",0
"388_8",1
"11211_1",0
"6490_1",0
"10293_4",0
"9280_9",1
"5259_1",0
"3873_4",0
"1503_2",0
"2803_10",1
"2191_10",1
"6529_7",0
"8787_8",1
"5961_10",1
"3512_4",0
"6603_3",1
"7572_10",0
"1932_10",1
"10736_10",1
"30_1",1
"327_3",0
"9102_1",0
"9986_2",0
"8104_3",1
"1303_2",0
"7918_10",0
"1084_9",1
"4509_10",1
"9037_8",1
"602_1",0
"1356_4",0
"5670_8",1
"9055_2",0
"4726_1",0
"7009_4",1
"1909_10",1
"11492_7",0
"6866_1",0
"2477_2",0
"2574_3",1
"3734_3",0
"3281_10",1
"4644_10",0
"11113_3",0
"5034_4",1
"8916_2",0
"11474_10",1
"4768_4",0
"8379_1",0
"5867_9",1
"4409_10",1
"2103_2",0
"2071_9",1
"9373_4",0
"1162_1",1
"762_9",0
"7166_2",0
"3233_1",0
"476_7",1
"9857_7",1
"9233_8",1
"6376_10",0
"2004_10",1
"6032_2",0
"5553_4",0
"3636_8",1
"10995_10",1
"4610_4",1
"8016_2",0
"10550_4",0
"5425_4",0
"3454_8",0
"4060_10",0
"7990_7",1
"3605_8",1
"5783_7",1
"12394_10",1
"8934_3",0
"7293_3",0
"11796_9",1
"5636_1",0
"4687_8",1
"160_2",1
"928_10",1
"1696_10",1
"7015_4",0
"11253_9",1
"9461_7",1
"9921_3",0
"3274_2",0
"3147_10",1
"7035_8",1
"12126_2",0
"11125_10",1
"8395_8",1
"11517_1",0
"4492_10",0
"3057_8",1
"11835_1",0
"7994_4",0
"7258_3",1
"1457_10",1
"347_1",0
"6714_10",1
"9115_1",0
"8644_7",1
"6432_1",0
"10003_1",1
"3797_9",1
"2435_8",1
"8453_10",1
"8938_9",1
"8087_8",1
"3939_3",0
"3825_8",0
"7068_3",0
"4330_1",0
"2892_3",0
"5939_4",1
"10347_9",1
"5914_1",0
"3788_10",1
"8454_3",1
"7820_1",0
"8135_10",1
"5754_2",0
"6908_7",1
"11026_1",0
"9783_4",0
"8213_4",1
"9030_10",1
"3047_4",0
"12385_1",0
"3060_10",1
"2539_1",0
"2838_2",1
"3659_3",0
"8932_9",1
"3390_8",1
"2220_1",0
"539_10",0
"515_1",0
"11797_8",1
"8544_3",0
"3942_9",1
"4502_3",0
"7031_10",1
"8431_4",0
"5506_10",0
"2100_3",0
"7645_7",1
"9912_4",0
"7762_4",0
"1416_1",0
"8445_4",0
"1238_1",0
"8044_10",1
"11258_8",1
"12196_10",1
"2891_2",0
"7658_10",1
"5497_9",1
"561_10",1
"980_4",0
"6108_2",0
"8378_10",1
"4244_1",1
"3114_1",0
"5102_7",1
"1011_10",0
"11621_9",1
"3862_4",1
"10530_4",1
"7158_8",1
"7195_10",1
"3811_1",0
"2085_1",0
"900_10",1
"7457_9",1
"12125_8",1
"9970_3",0
"3855_8",1
"9244_8",1
"10989_2",0
"1945_8",1
"9351_8",1
"2271_1",0
"9506_8",1
"8596_3",0
"2233_2",0
"4175_8",1
"4447_7",1
"732_7",1
"3658_1",0
"11144_8",1
"9762_3",1
"3996_1",0
"10532_4",0
"1513_7",0
"5077_1",0
"7069_4",1
"3526_8",1
"11821_2",1
"7149_1",0
"3700_9",1
"9700_10",1
"1414_3",1
"7942_1",1
"6473_3",1
"2573_4",1
"2419_3",0
"8479_9",1
"736_10",1
"11613_2",0
"1052_1",0
"9662_4",0
"11918_2",1
"514_10",1
"3613_3",0
"7986_10",1
"11967_8",1
"2383_1",1
"11518_1",0
"9562_4",0
"1481_10",1
"1846_3",0
"10142_8",0
"5032_4",0
"8824_1",0
"3662_4",1
"7659_10",1
"4653_10",0
"5910_8",1
"663_1",0
"1193_1",0
"9530_9",1
"11906_2",1
"11746_2",0
"5017_4",0
"11624_8",1
"3710_1",1
"651_10",0
"1284_7",1
"3259_1",0
"9648_4",1
"12146_2",0
"5155_9",1
"6504_10",1
"1772_2",0
"10949_1",1
"1664_4",0
"9607_9",1
"1468_9",0
"8720_9",1
"4305_3",1
"5493_10",1
"8242_8",1
"1260_10",1
"1371_3",0
"7212_9",1
"9349_8",0
"5596_3",0
"5726_7",0
"157_1",1
"5746_9",1
"8433_4",0
"6619_9",1
"4548_2",0
"10104_10",1
"6425_4",0
"10401_10",1
"3280_10",0
"3215_10",1
"1126_3",0
"11755_3",1
"10726_7",0
"7060_10",1
"6615_8",1
"5398_1",0
"9305_1",0
"2330_4",0
"9781_1",0
"8370_1",0
"2778_8",1
"2997_1",1
"10147_1",0
"7490_8",0
"2127_9",1
"750_8",1
"5803_10",1
"6651_10",1
"3016_10",1
"2638_1",0
"7945_8",1
"8221_1",0
"3932_4",1
"9590_1",1
"3323_1",1
"5702_1",0
"7379_2",0
"11756_2",1
"9453_1",0
"3362_8",1
"12100_4",0
"2986_8",1
"9082_10",0
"8679_4",0
"12489_1",0
"9700_1",0
"7950_3",1
"10549_2",1
"2681_7",0
"11803_3",1
"6027_4",0
"2016_2",1
"3130_9",1
"2213_9",1
"3341_7",1
"974_10",1
"6642_10",1
"8206_10",1
"1783_2",0
"9491_1",0
"6015_7",1
"2220_9",1
"8812_3",0
"8341_10",1
"5469_4",0
"8703_10",0
"5296_1",0
"2240_4",0
"6739_1",0
"5410_7",1
"3_10",0
"1048_4",1
"3053_1",0
"3144_1",0
"8038_7",1
"3176_9",1
"11030_1",0
"6571_3",1
"8528_7",1
"903_3",1
"6397_2",0
"5415_1",0
"7257_10",0
"5383_10",0
"10969_10",1
"443_3",1
"6827_10",1
"9488_2",0
"9969_10",1
"9094_1",0
"5099_7",1
"7772_7",1
"2231_1",0
"588_9",1
"7781_2",0
"90_4",0
"6772_4",1
"12332_3",0
"8419_9",1
"4110_1",0
"5162_1",0
"2650_10",1
"7237_10",1
"2126_10",1
"8559_3",0
"2429_8",1
"11760_8",1
"1147_4",0
"4758_8",1
"11618_8",1
"4869_10",1
"3541_7",1
"6872_7",1
"6689_1",0
"4693_3",1
"4427_10",1
"10028_10",1
"9349_2",0
"9478_1",0
"6253_2",1
"6317_1",0
"2038_1",0
"12116_1",0
"4467_1",0
"2757_1",0
"11417_7",1
"9888_10",1
"11025_1",0
"4534_9",1
"9066_8",1
"7315_1",0
"3461_9",1
"10987_4",0
"7331_2",0
"5383_4",0
"7908_9",1
"2327_3",0
"11234_10",1
"7137_1",0
"7621_4",0
"28_2",0
"5580_7",1
"4042_1",0
"1289_7",0
"5244_7",0
"8565_7",0
"9476_4",0
"6616_7",1
"12378_8",0
"10980_7",0
"1060_10",1
"8109_10",1
"629_9",0
"6088_3",0
"8244_9",1
"4239_4",1
"6684_10",1
"3275_1",0
"1026_3",0
"10412_8",1
"491_1",1
"12223_1",0
"8676_8",1
"1023_10",1
"2396_7",1
"3064_8",1
"1781_4",0
"4515_10",0
"8922_4",1
"3222_7",1
"4019_7",0
"4263_8",1
"11660_1",0
"6113_1",0
"12248_7",1
"4992_4",0
"4317_1",0
"3120_8",1
"8772_1",0
"4523_3",0
"8933_7",1
"7032_3",0
"9320_10",1
"4340_8",1
"5584_8",1
"12171_3",0
"4055_10",1
"1331_1",0
"11693_7",0
"5139_9",0
"62_2",1
"673_1",0
"6896_1",0
"7135_3",0
"11347_3",1
"10172_8",1
"11105_1",0
"7275_8",0
"6585_3",1
"89_7",0
"12014_10",1
"5762_4",0
"2145_7",1
"5984_4",0
"2720_3",0
"10643_1",0
"10651_7",0
"493_4",0
"1442_1",0
"8808_9",0
"6446_2",0
"9913_10",1
"4181_9",1
"1430_1",0
"5448_4",0
"11504_8",1
"12332_8",0
"2126_1",1
"2765_4",0
"768_9",1
"10823_1",0
"10887_2",0
"574_7",1
"1419_1",1
"4265_8",1
"7965_10",1
"6898_9",1
"12202_3",1
"5556_4",0
"7905_1",0
"7833_1",0
"12007_2",1
"3489_10",1
"5710_1",0
"5832_9",1
"7894_10",1
"11087_4",1
"9247_10",1
"11778_10",0
"1200_1",0
"5890_8",1
"11077_8",1
"10268_1",0
"5460_4",0
"2009_4",0
"1752_1",0
"11794_2",0
"832_8",1
"49_10",0
"9592_4",0
"15_7",1
"10701_10",1
"4533_3",1
"8640_4",0
"156_1",0
"10461_9",1
"8158_10",1
"12084_8",1
"11686_10",1
"8179_7",1
"10775_3",0
"12355_2",0
"9793_1",0
"2490_8",1
"2095_3",0
"12066_2",0
"12396_3",1
"4088_1",0
"10602_10",1
"2848_3",0
"5339_2",0
"773_2",0
"1852_9",1
"10784_1",0
"5189_2",0
"8777_2",0
"6266_8",0
"3295_10",1
"11784_10",1
"4443_3",0
"669_7",1
"12453_1",0
"10443_3",0
"433_4",0
"5721_4",0
"1293_4",1
"10964_1",0
"9985_9",1
"9857_1",0
"7232_8",1
"2855_4",1
"8647_1",0
"11319_8",1
"7406_2",0
"4472_10",1
"9107_7",1
"10920_10",1
"8013_1",0
"9639_10",1
"6864_3",0
"4792_10",1
"4618_3",0
"1199_3",1
"3547_1",0
"6341_7",1
"53_3",0
"5497_3",0
"6867_1",0
"8111_8",1
"8595_10",1
"11691_8",1
"3239_10",0
"560_8",1
"9945_8",1
"8222_9",1
"6391_8",1
"5554_8",1
"7123_2",0
"9021_2",0
"4490_7",1
"2714_10",0
"3982_1",0
"10237_2",0
"5233_10",1
"4267_8",1
"5062_9",1
"4866_1",1
"5108_10",1
"14_2",0
"2400_7",1
"11271_7",0
"10932_1",0
"3538_10",1
"10465_2",0
"9212_1",0
"8837_8",1
"6776_3",0
"5576_3",1
"10000_8",1
"1841_7",1
"10238_4",1
"8573_3",0
"9818_1",0
"11626_9",1
"5536_1",0
"8702_2",0
"626_9",1
"6716_3",0
"10679_10",1
"112_1",0
"2087_10",1
"4174_3",0
"4146_10",1
"11860_4",0
"9087_1",0
"1036_9",1
"9859_10",1
"5883_10",1
"4979_10",0
"12220_8",1
"1967_4",0
"5949_3",0
"7188_8",1
"2271_8",1
"3851_10",1
"10684_9",1
"4998_9",1
"4262_1",0
"9066_4",0
"366_1",0
"10837_10",1
"5661_10",1
"1085_7",1
"5605_7",0
"6632_7",0
"2637_7",0
"2130_10",1
"8967_4",0
"12083_8",1
"4463_7",1
"8926_1",0
"9849_9",1
"11290_1",0
"2478_10",1
"6938_4",0
"11436_1",0
"3166_3",0
"7876_2",1
"790_9",1
"12483_9",1
"9561_8",1
"12314_3",1
"2592_10",1
"7703_8",1
"8683_1",0
"2063_3",0
"7266_7",0
"6080_4",1
"2698_1",1
"10865_2",1
"11734_10",1
"11444_2",0
"11757_2",0
"8255_3",0
"2576_3",0
"1596_4",1
"7373_4",0
"12027_2",0
"9361_1",0
"2627_1",0
"896_10",1
"2282_4",0
"621_10",1
"9118_1",0
"1031_10",1
"1320_1",0
"10280_10",1
"615_1",0
"10826_10",1
"3172_9",1
"7852_9",1
"8535_7",0
"10886_4",1
"6208_1",1
"12468_7",0
"911_1",0
"2945_10",1
"5521_1",0
"3728_10",0
"2087_4",0
"6039_3",0
"4651_3",1
"11742_2",0
"6640_8",1
"1677_2",0
"4670_9",1
"11119_2",0
"9555_4",0
"6613_7",1
"10871_7",1
"11786_4",1
"11628_10",1
"12431_1",0
"7902_4",0
"5564_10",1
"8317_3",0
"2140_10",1
"9828_3",1
"6224_2",0
"7908_2",0
"2808_3",1
